http://blockchainresearchgroup.azurewebsites.net/  ,Yes,351,1,2020-03-31T14:13:29.528
http://sla-cloudservice.azurewebsites.net/,Yes,330,1,2020-03-31T14:13:30.842
https://google.com,Yes,720,1,2020-03-31T14:13:33.008
https://paypal.com  ,Yes,2460,1,2020-03-31T14:13:38.576
http://bing.com/  ,Yes,794,1,2020-03-31T14:13:41.674
http://example.com/  ,Yes,281,1,2020-03-31T14:13:45.432
https://ebay.co.uk/  ,Yes,1237,1,2020-03-31T14:13:47.004
http://google.co.uk/  ,Yes,580,1,2020-03-31T14:13:49.426
http://blockchainresearchgroup.azurewebsites.net/  ,Yes,385,2,2020-03-31T14:14:00.579
http://sla-cloudservice.azurewebsites.net/,Yes,362,2,2020-03-31T14:14:01.355
https://google.com,Yes,539,2,2020-03-31T14:14:03.528
https://paypal.com  ,Yes,2194,2,2020-03-31T14:14:04.415
http://bing.com/  ,Yes,1520,2,2020-03-31T14:14:07.202
http://example.com/  ,Yes,262,2,2020-03-31T14:14:11.898
https://ebay.co.uk/  ,Yes,1038,2,2020-03-31T14:14:16.040
http://google.co.uk/  ,Yes,518,2,2020-03-31T14:14:17.749
http://blockchainresearchgroup.azurewebsites.net/  ,Yes,359,3,2020-03-31T14:14:28.648
http://sla-cloudservice.azurewebsites.net/,Yes,475,3,2020-03-31T14:14:29.363
https://google.com,Yes,569,3,2020-03-31T14:14:31.761
https://paypal.com  ,Yes,2564,3,2020-03-31T14:14:33.001
http://bing.com/  ,Yes,687,3,2020-03-31T14:14:36.154
http://example.com/  ,Yes,1673,3,2020-03-31T14:14:39.570
https://ebay.co.uk/  ,Yes,1153,3,2020-03-31T14:14:42.168
http://google.co.uk/  ,Yes,444,3,2020-03-31T14:14:43.934
http://blockchainresearchgroup.azurewebsites.net/  ,Yes,3324,4,2020-03-31T14:14:54.921
http://sla-cloudservice.azurewebsites.net/,Yes,332,4,2020-03-31T14:14:58.623
https://google.com,Yes,538,4,2020-03-31T14:15:00.408
https://paypal.com  ,Yes,2830,4,2020-03-31T14:15:01.168
http://bing.com/  ,Yes,695,4,2020-03-31T14:15:04.613
http://example.com/  ,Yes,230,4,2020-03-31T14:15:07.352
https://ebay.co.uk/  ,Yes,1332,4,2020-03-31T14:15:08.465
http://google.co.uk/  ,Yes,506,4,2020-03-31T14:15:10.429
http://blockchainresearchgroup.azurewebsites.net/  ,Yes,323,5,2020-03-31T14:15:21.336
http://sla-cloudservice.azurewebsites.net/,Yes,321,5,2020-03-31T14:15:21.960
https://google.com,Yes,741,5,2020-03-31T14:15:23.647
https://paypal.com  ,Yes,2750,5,2020-03-31T14:15:24.779
http://bing.com/  ,Yes,689,5,2020-03-31T14:15:28.109
http://example.com/  ,Yes,260,5,2020-03-31T14:15:30.934
https://ebay.co.uk/  ,Yes,1171,5,2020-03-31T14:15:32.102
http://google.co.uk/  ,Yes,496,5,2020-03-31T14:15:33.918
http://blockchainresearchgroup.azurewebsites.net/  ,Yes,341,6,2020-03-31T14:15:44.735
http://sla-cloudservice.azurewebsites.net/,Yes,381,6,2020-03-31T14:15:45.395
https://google.com,Yes,815,6,2020-03-31T14:15:47.616
https://paypal.com  ,Yes,3212,6,2020-03-31T14:15:48.774
http://bing.com/  ,Yes,969,6,2020-03-31T14:15:53.900
http://example.com/  ,Yes,287,6,2020-03-31T14:15:56.814
https://ebay.co.uk/  ,Yes,1104,6,2020-03-31T14:15:58.048
http://google.co.uk/  ,Yes,517,6,2020-03-31T14:15:59.761
http://blockchainresearchgroup.azurewebsites.net/  ,Yes,340,7,2020-03-31T14:16:10.622
http://sla-cloudservice.azurewebsites.net/,Yes,326,7,2020-03-31T14:16:11.274
https://google.com,Yes,512,7,2020-03-31T14:16:13.115
https://paypal.com  ,Yes,2125,7,2020-03-31T14:16:14.016
http://bing.com/  ,Yes,714,7,2020-03-31T14:16:16.755
http://example.com/  ,Yes,267,7,2020-03-31T14:16:19.610
https://ebay.co.uk/  ,Yes,1206,7,2020-03-31T14:16:20.794
http://google.co.uk/  ,Yes,564,7,2020-03-31T14:16:22.768
http://blockchainresearchgroup.azurewebsites.net/  ,Yes,314,8,2020-03-31T14:16:33.673
http://sla-cloudservice.azurewebsites.net/,Yes,325,8,2020-03-31T14:16:34.488
https://google.com,Yes,535,8,2020-03-31T14:16:38.478
https://paypal.com  ,Yes,2158,8,2020-03-31T14:16:39.481
http://bing.com/  ,Yes,640,8,2020-03-31T14:16:42.207
http://example.com/  ,Yes,258,8,2020-03-31T14:16:44.785
https://ebay.co.uk/  ,Yes,2046,8,2020-03-31T14:16:45.983
http://google.co.uk/  ,Yes,559,8,2020-03-31T14:16:48.994
http://blockchainresearchgroup.azurewebsites.net/  ,Yes,327,9,2020-03-31T14:16:59.877
http://sla-cloudservice.azurewebsites.net/,Yes,341,9,2020-03-31T14:17:00.543
https://google.com,Yes,565,9,2020-03-31T14:17:02.777
https://paypal.com  ,Yes,1952,9,2020-03-31T14:17:03.834
http://bing.com/  ,Yes,1016,9,2020-03-31T14:17:06.453
http://example.com/  ,Yes,335,9,2020-03-31T14:17:09.851
https://ebay.co.uk/  ,Yes,1568,9,2020-03-31T14:17:11.203
http://google.co.uk/  ,Yes,675,9,2020-03-31T14:17:13.416
http://blockchainresearchgroup.azurewebsites.net/  ,Yes,331,10,2020-03-31T14:17:24.798
http://sla-cloudservice.azurewebsites.net/,Yes,377,10,2020-03-31T14:17:25.458
https://google.com,Yes,497,10,2020-03-31T14:17:27.276
https://paypal.com  ,Yes,2132,10,2020-03-31T14:17:28.088
http://bing.com/  ,Yes,673,10,2020-03-31T14:17:30.782
http://example.com/  ,Yes,271,10,2020-03-31T14:17:33.635
https://ebay.co.uk/  ,Yes,1108,10,2020-03-31T14:17:34.778
http://google.co.uk/  ,Yes,463,10,2020-03-31T14:17:36.529
http://blockchainresearchgroup.azurewebsites.net/  ,Yes,373,11,2020-03-31T14:17:47.445
http://sla-cloudservice.azurewebsites.net/,Yes,323,11,2020-03-31T14:17:48.109
https://google.com,Yes,766,11,2020-03-31T14:17:49.878
https://paypal.com  ,Yes,3223,11,2020-03-31T14:17:50.975
http://bing.com/  ,Yes,715,11,2020-03-31T14:17:54.923
http://example.com/  ,Yes,1664,11,2020-03-31T14:17:57.865
https://ebay.co.uk/  ,Yes,1197,11,2020-03-31T14:18:00.466
http://google.co.uk/  ,Yes,661,11,2020-03-31T14:18:02.305
http://blockchainresearchgroup.azurewebsites.net/  ,Yes,326,12,2020-03-31T14:18:13.272
http://sla-cloudservice.azurewebsites.net/,Yes,366,12,2020-03-31T14:18:13.958
https://google.com,Yes,661,12,2020-03-31T14:18:16.070
https://paypal.com  ,Yes,1781,12,2020-03-31T14:18:17.099
http://bing.com/  ,Yes,2541,12,2020-03-31T14:18:19.449
http://example.com/  ,Yes,269,12,2020-03-31T14:18:24.087
https://ebay.co.uk/  ,Yes,1069,12,2020-03-31T14:18:25.256
http://google.co.uk/  ,Yes,590,12,2020-03-31T14:18:26.947
http://blockchainresearchgroup.azurewebsites.net/  ,Yes,370,13,2020-03-31T14:18:37.882
http://sla-cloudservice.azurewebsites.net/,Yes,314,13,2020-03-31T14:18:38.554
https://google.com,Yes,599,13,2020-03-31T14:18:40.457
https://paypal.com  ,Yes,1771,13,2020-03-31T14:18:41.468
http://bing.com/  ,Yes,778,13,2020-03-31T14:18:43.800
http://example.com/  ,Yes,238,13,2020-03-31T14:18:46.846
https://ebay.co.uk/  ,Yes,1211,13,2020-03-31T14:18:48.036
http://google.co.uk/  ,Yes,598,13,2020-03-31T14:18:49.918
http://blockchainresearchgroup.azurewebsites.net/  ,Yes,354,14,2020-03-31T14:19:01.285
http://sla-cloudservice.azurewebsites.net/,Yes,380,14,2020-03-31T14:19:02.188
https://google.com,Yes,517,14,2020-03-31T14:19:04.321
https://paypal.com  ,Yes,1792,14,2020-03-31T14:19:05.201
http://bing.com/  ,Yes,677,14,2020-03-31T14:19:07.564
http://example.com/  ,Yes,245,14,2020-03-31T14:19:10.846
https://ebay.co.uk/  ,Yes,1149,14,2020-03-31T14:19:15.157
http://google.co.uk/  ,Yes,521,14,2020-03-31T14:19:17.296
http://blockchainresearchgroup.azurewebsites.net/  ,Yes,345,15,2020-03-31T14:19:28.136
http://sla-cloudservice.azurewebsites.net/,Yes,393,15,2020-03-31T14:19:28.811
https://google.com,Yes,491,15,2020-03-31T14:19:31.345
https://paypal.com  ,Yes,2481,15,2020-03-31T14:19:32.059
http://bing.com/  ,Yes,1144,15,2020-03-31T14:19:36.131
http://example.com/  ,Yes,274,15,2020-03-31T14:19:39.717
https://ebay.co.uk/  ,Yes,1234,15,2020-03-31T14:19:44.090
http://google.co.uk/  ,Yes,477,15,2020-03-31T14:19:45.942
http://blockchainresearchgroup.azurewebsites.net/  ,Yes,709,16,2020-03-31T14:19:56.764
http://sla-cloudservice.azurewebsites.net/,Yes,325,16,2020-03-31T14:19:57.816
https://google.com,Yes,497,16,2020-03-31T14:19:59.531
https://paypal.com  ,Yes,1837,16,2020-03-31T14:20:00.339
http://bing.com/  ,Yes,647,16,2020-03-31T14:20:02.724
http://example.com/  ,Yes,277,16,2020-03-31T14:20:05.771
https://ebay.co.uk/  ,Yes,1209,16,2020-03-31T14:20:07.048
http://google.co.uk/  ,Yes,689,16,2020-03-31T14:20:08.937
http://blockchainresearchgroup.azurewebsites.net/  ,Yes,337,17,2020-03-31T14:20:20.365
http://sla-cloudservice.azurewebsites.net/,Yes,309,17,2020-03-31T14:20:20.998
https://google.com,Yes,502,17,2020-03-31T14:20:22.716
https://paypal.com  ,Yes,2057,17,2020-03-31T14:20:23.443
http://bing.com/  ,Yes,727,17,2020-03-31T14:20:26.201
http://example.com/  ,Yes,287,17,2020-03-31T14:20:32.246
https://ebay.co.uk/  ,Yes,1152,17,2020-03-31T14:20:33.462
http://google.co.uk/  ,Yes,514,17,2020-03-31T14:20:35.304
http://blockchainresearchgroup.azurewebsites.net/  ,Yes,332,18,2020-03-31T14:20:46.187
http://sla-cloudservice.azurewebsites.net/,Yes,316,18,2020-03-31T14:20:46.804
https://google.com,Yes,551,18,2020-03-31T14:20:49.097
https://paypal.com  ,Yes,2866,18,2020-03-31T14:20:49.873
http://bing.com/  ,Yes,2442,18,2020-03-31T14:20:53.367
http://example.com/  ,Yes,2070,18,2020-03-31T14:21:01.402
https://ebay.co.uk/  ,Yes,1319,18,2020-03-31T14:21:04.597
http://google.co.uk/  ,Yes,868,18,2020-03-31T14:21:06.540
http://blockchainresearchgroup.azurewebsites.net/  ,Yes,398,19,2020-03-31T14:21:18.028
http://sla-cloudservice.azurewebsites.net/,Yes,309,19,2020-03-31T14:21:19.021
https://google.com,Yes,588,19,2020-03-31T14:21:21.273
https://paypal.com  ,Yes,1898,19,2020-03-31T14:21:22.150
http://bing.com/  ,Yes,759,19,2020-03-31T14:21:24.632
http://example.com/  ,Yes,246,19,2020-03-31T14:21:27.587
https://ebay.co.uk/  ,Yes,1086,19,2020-03-31T14:21:28.785
http://google.co.uk/  ,Yes,497,19,2020-03-31T14:21:30.528
http://blockchainresearchgroup.azurewebsites.net/  ,Yes,329,20,2020-03-31T14:21:41.355
http://sla-cloudservice.azurewebsites.net/,Yes,321,20,2020-03-31T14:21:42.001
https://google.com,Yes,479,20,2020-03-31T14:21:43.700
https://paypal.com  ,Yes,2200,20,2020-03-31T14:21:44.394
http://bing.com/  ,Yes,630,20,2020-03-31T14:21:47.152
http://example.com/  ,Yes,234,20,2020-03-31T14:21:49.814
https://ebay.co.uk/  ,Yes,1224,20,2020-03-31T14:21:50.943
http://google.co.uk/  ,Yes,473,20,2020-03-31T14:21:53.138
http://blockchainresearchgroup.azurewebsites.net/  ,Yes,346,21,2020-03-31T14:22:04.129
http://sla-cloudservice.azurewebsites.net/,Yes,332,21,2020-03-31T14:22:04.786
https://google.com,Yes,555,21,2020-03-31T14:22:06.599
https://paypal.com  ,Yes,2769,21,2020-03-31T14:22:07.524
http://bing.com/  ,Yes,706,21,2020-03-31T14:22:11.056
http://example.com/  ,Yes,266,21,2020-03-31T14:22:13.714
https://ebay.co.uk/  ,Yes,1143,21,2020-03-31T14:22:17.922
http://google.co.uk/  ,Yes,709,21,2020-03-31T14:22:19.691
http://blockchainresearchgroup.azurewebsites.net/  ,Yes,688,22,2020-03-31T14:22:30.672
http://sla-cloudservice.azurewebsites.net/,Yes,327,22,2020-03-31T14:22:31.709
https://google.com,Yes,804,22,2020-03-31T14:22:33.925
https://paypal.com  ,Yes,1909,22,2020-03-31T14:22:35.273
http://bing.com/  ,Yes,1680,22,2020-03-31T14:22:37.906
http://example.com/  ,Yes,279,22,2020-03-31T14:22:41.882
https://ebay.co.uk/  ,Yes,1200,22,2020-03-31T14:22:43.073
http://google.co.uk/  ,Yes,428,22,2020-03-31T14:22:44.943
http://blockchainresearchgroup.azurewebsites.net/  ,Yes,377,23,2020-03-31T14:22:55.674
http://sla-cloudservice.azurewebsites.net/,Yes,343,23,2020-03-31T14:22:56.362
https://google.com,Yes,554,23,2020-03-31T14:22:58.222
https://paypal.com  ,Yes,2306,23,2020-03-31T14:22:59.022
http://bing.com/  ,Yes,747,23,2020-03-31T14:23:02.559
http://example.com/  ,Yes,3291,23,2020-03-31T14:23:05.222
https://ebay.co.uk/  ,Yes,1195,23,2020-03-31T14:23:09.391
http://google.co.uk/  ,Yes,497,23,2020-03-31T14:23:11.201
http://blockchainresearchgroup.azurewebsites.net/  ,Yes,355,24,2020-03-31T14:23:22.037
http://sla-cloudservice.azurewebsites.net/,Yes,326,24,2020-03-31T14:23:22.696
https://google.com,Yes,563,24,2020-03-31T14:23:24.492
https://paypal.com  ,Yes,1764,24,2020-03-31T14:23:25.280
http://bing.com/  ,Yes,614,24,2020-03-31T14:23:27.598
http://example.com/  ,Yes,266,24,2020-03-31T14:23:30.320
https://ebay.co.uk/  ,Yes,1180,24,2020-03-31T14:23:31.535
http://google.co.uk/  ,Yes,523,24,2020-03-31T14:23:33.374
http://blockchainresearchgroup.azurewebsites.net/  ,Yes,904,25,2020-03-31T14:23:44.349
http://sla-cloudservice.azurewebsites.net/,Yes,329,25,2020-03-31T14:23:45.790
https://google.com,Yes,530,25,2020-03-31T14:23:47.925
https://paypal.com  ,Yes,1994,25,2020-03-31T14:23:49.863
http://bing.com/  ,Yes,706,25,2020-03-31T14:23:52.399
http://example.com/  ,Yes,281,25,2020-03-31T14:23:55.123
https://ebay.co.uk/  ,Yes,1078,25,2020-03-31T14:23:56.315
http://google.co.uk/  ,Yes,468,25,2020-03-31T14:23:58.353
http://blockchainresearchgroup.azurewebsites.net/  ,Yes,350,26,2020-03-31T14:24:09.103
http://sla-cloudservice.azurewebsites.net/,Yes,332,26,2020-03-31T14:24:09.751
https://google.com,Yes,530,26,2020-03-31T14:24:11.617
https://paypal.com  ,Yes,1758,26,2020-03-31T14:24:12.381
http://bing.com/  ,Yes,687,26,2020-03-31T14:24:14.733
http://example.com/  ,Yes,262,26,2020-03-31T14:24:17.630
https://ebay.co.uk/  ,Yes,1242,26,2020-03-31T14:24:19.148
http://google.co.uk/  ,Yes,433,26,2020-03-31T14:24:21.015
http://blockchainresearchgroup.azurewebsites.net/  ,Yes,336,27,2020-03-31T14:24:31.769
http://sla-cloudservice.azurewebsites.net/,Yes,328,27,2020-03-31T14:24:32.421
https://google.com,Yes,509,27,2020-03-31T14:24:34.271
https://paypal.com  ,Yes,1637,27,2020-03-31T14:24:35.113
http://bing.com/  ,Yes,712,27,2020-03-31T14:24:37.287
http://example.com/  ,Yes,263,27,2020-03-31T14:24:43.068
https://ebay.co.uk/  ,Yes,1068,27,2020-03-31T14:24:44.220
http://google.co.uk/  ,Yes,451,27,2020-03-31T14:24:45.942
http://blockchainresearchgroup.azurewebsites.net/  ,Yes,358,28,2020-03-31T14:24:56.729
http://sla-cloudservice.azurewebsites.net/,Yes,337,28,2020-03-31T14:24:57.395
https://google.com,Yes,521,28,2020-03-31T14:24:59.899
https://paypal.com  ,Yes,2376,28,2020-03-31T14:25:00.638
http://bing.com/  ,Yes,670,28,2020-03-31T14:25:03.597
http://example.com/  ,Yes,245,28,2020-03-31T14:25:06.611
https://ebay.co.uk/  ,Yes,1236,28,2020-03-31T14:25:07.766
http://google.co.uk/  ,Yes,437,28,2020-03-31T14:25:09.636
http://blockchainresearchgroup.azurewebsites.net/  ,Yes,336,29,2020-03-31T14:25:20.634
http://sla-cloudservice.azurewebsites.net/,Yes,344,29,2020-03-31T14:25:21.266
https://google.com,Yes,597,29,2020-03-31T14:25:23.121
https://paypal.com  ,Yes,2050,29,2020-03-31T14:25:23.995
http://bing.com/  ,Yes,777,29,2020-03-31T14:25:26.636
http://example.com/  ,Yes,354,29,2020-03-31T14:25:29.530
https://ebay.co.uk/  ,Yes,1112,29,2020-03-31T14:25:30.865
http://google.co.uk/  ,Yes,1201,29,2020-03-31T14:25:32.663
http://blockchainresearchgroup.azurewebsites.net/  ,Yes,332,30,2020-03-31T14:25:44.827
http://sla-cloudservice.azurewebsites.net/,Yes,326,30,2020-03-31T14:25:45.514
https://google.com,Yes,1411,30,2020-03-31T14:25:47.328
https://paypal.com  ,Yes,2277,30,2020-03-31T14:25:49.194
http://bing.com/  ,Yes,678,30,2020-03-31T14:25:52.236
http://example.com/  ,Yes,284,30,2020-03-31T14:25:55.420
https://ebay.co.uk/  ,Yes,1168,30,2020-03-31T14:25:56.591
http://google.co.uk/  ,Yes,424,30,2020-03-31T14:25:58.381
http://blockchainresearchgroup.azurewebsites.net/  ,Yes,349,31,2020-03-31T14:26:09.146
http://sla-cloudservice.azurewebsites.net/,Yes,329,31,2020-03-31T14:26:10.028
https://google.com,Yes,504,31,2020-03-31T14:26:13.726
https://paypal.com  ,Yes,2634,31,2020-03-31T14:26:14.620
http://bing.com/  ,Yes,685,31,2020-03-31T14:26:17.788
http://example.com/  ,Yes,257,31,2020-03-31T14:26:20.429
https://ebay.co.uk/  ,Yes,1263,31,2020-03-31T14:26:21.624
http://google.co.uk/  ,Yes,459,31,2020-03-31T14:26:23.703
http://blockchainresearchgroup.azurewebsites.net/  ,Yes,405,32,2020-03-31T14:26:34.476
http://sla-cloudservice.azurewebsites.net/,Yes,331,32,2020-03-31T14:26:35.178
https://google.com,Yes,559,32,2020-03-31T14:26:36.926
https://paypal.com  ,Yes,1797,32,2020-03-31T14:26:37.688
http://bing.com/  ,Yes,656,32,2020-03-31T14:26:40.030
http://example.com/  ,Yes,265,32,2020-03-31T14:26:43.316
https://ebay.co.uk/  ,Yes,1206,32,2020-03-31T14:26:44.492
http://google.co.uk/  ,Yes,475,32,2020-03-31T14:26:46.328
http://blockchainresearchgroup.azurewebsites.net/  ,Yes,364,33,2020-03-31T14:26:57.098
http://sla-cloudservice.azurewebsites.net/,Yes,859,33,2020-03-31T14:26:57.779
https://google.com,Yes,510,33,2020-03-31T14:27:01.402
https://paypal.com  ,Yes,2590,33,2020-03-31T14:27:02.243
http://bing.com/  ,Yes,716,33,2020-03-31T14:27:05.703
http://example.com/  ,Yes,265,33,2020-03-31T14:27:08.371
https://ebay.co.uk/  ,Yes,1515,33,2020-03-31T14:27:09.563
http://google.co.uk/  ,Yes,482,33,2020-03-31T14:27:12.036
http://blockchainresearchgroup.azurewebsites.net/  ,Yes,371,34,2020-03-31T14:27:22.849
http://sla-cloudservice.azurewebsites.net/,Yes,340,34,2020-03-31T14:27:23.534
https://google.com,Yes,512,34,2020-03-31T14:27:25.835
https://paypal.com  ,Yes,2178,34,2020-03-31T14:27:26.685
http://bing.com/  ,Yes,667,34,2020-03-31T14:27:29.387
http://example.com/  ,Yes,268,34,2020-03-31T14:27:32.250
https://ebay.co.uk/  ,Yes,1153,34,2020-03-31T14:27:33.441
http://google.co.uk/  ,Yes,508,34,2020-03-31T14:27:35.303
http://blockchainresearchgroup.azurewebsites.net/  ,Yes,478,35,2020-03-31T14:27:46.537
http://sla-cloudservice.azurewebsites.net/,Yes,1927,35,2020-03-31T14:27:47.319
https://google.com,Yes,586,35,2020-03-31T14:27:50.760
https://paypal.com  ,Yes,2009,35,2020-03-31T14:27:51.749
http://bing.com/  ,Yes,773,35,2020-03-31T14:27:54.326
http://example.com/  ,Yes,286,35,2020-03-31T14:27:57.098
https://ebay.co.uk/  ,Yes,1352,35,2020-03-31T14:27:58.309
http://google.co.uk/  ,Yes,807,35,2020-03-31T14:28:00.373
http://blockchainresearchgroup.azurewebsites.net/  ,Yes,332,36,2020-03-31T14:28:11.511
http://sla-cloudservice.azurewebsites.net/,Yes,326,36,2020-03-31T14:28:12.141
https://google.com,Yes,567,36,2020-03-31T14:28:13.815
https://paypal.com  ,Yes,2132,36,2020-03-31T14:28:14.672
http://bing.com/  ,Yes,679,36,2020-03-31T14:28:17.400
http://example.com/  ,Yes,289,36,2020-03-31T14:28:23.265
https://ebay.co.uk/  ,Yes,1190,36,2020-03-31T14:28:24.427
http://google.co.uk/  ,Yes,812,36,2020-03-31T14:28:26.228
http://blockchainresearchgroup.azurewebsites.net/  ,Yes,344,37,2020-03-31T14:28:37.368
http://sla-cloudservice.azurewebsites.net/,Yes,311,37,2020-03-31T14:28:38.303
https://google.com,Yes,518,37,2020-03-31T14:28:40.251
https://paypal.com  ,Yes,2340,37,2020-03-31T14:28:41.079
http://bing.com/  ,Yes,758,37,2020-03-31T14:28:43.948
http://example.com/  ,Yes,625,37,2020-03-31T14:28:46.738
https://ebay.co.uk/  ,Yes,1151,37,2020-03-31T14:28:48.364
http://google.co.uk/  ,Yes,846,37,2020-03-31T14:28:50.130
http://blockchainresearchgroup.azurewebsites.net/  ,Yes,4062,38,2020-03-31T14:29:01.418
http://sla-cloudservice.azurewebsites.net/,Yes,327,38,2020-03-31T14:29:05.776
https://google.com,Yes,612,38,2020-03-31T14:29:09.455
https://paypal.com  ,Yes,1991,38,2020-03-31T14:29:10.564
http://bing.com/  ,Yes,705,38,2020-03-31T14:29:13.168
http://example.com/  ,Yes,2034,38,2020-03-31T14:29:16.241
https://ebay.co.uk/  ,Yes,1355,38,2020-03-31T14:29:19.221
http://google.co.uk/  ,Yes,457,38,2020-03-31T14:29:21.206
http://blockchainresearchgroup.azurewebsites.net/  ,Yes,333,39,2020-03-31T14:29:32.064
http://sla-cloudservice.azurewebsites.net/,Yes,356,39,2020-03-31T14:29:32.750
https://google.com,Yes,491,39,2020-03-31T14:29:34.473
https://paypal.com  ,Yes,1673,39,2020-03-31T14:29:35.342
http://bing.com/  ,Yes,805,39,2020-03-31T14:29:37.537
http://example.com/  ,Yes,259,39,2020-03-31T14:29:41.373
https://ebay.co.uk/  ,Yes,1092,39,2020-03-31T14:29:45.521
http://google.co.uk/  ,Yes,508,39,2020-03-31T14:29:47.328
http://blockchainresearchgroup.azurewebsites.net/  ,Yes,332,40,2020-03-31T14:29:58.351
http://sla-cloudservice.azurewebsites.net/,Yes,347,40,2020-03-31T14:29:58.980
https://google.com,Yes,534,40,2020-03-31T14:30:00.720
https://paypal.com  ,Yes,2041,40,2020-03-31T14:30:01.590
http://bing.com/  ,Yes,1127,40,2020-03-31T14:30:04.263
http://example.com/  ,Yes,2055,40,2020-03-31T14:30:11.872
https://ebay.co.uk/  ,Yes,1160,40,2020-03-31T14:30:14.946
http://google.co.uk/  ,Yes,586,40,2020-03-31T14:30:16.786
http://blockchainresearchgroup.azurewebsites.net/  ,Yes,344,41,2020-03-31T14:30:27.681
http://sla-cloudservice.azurewebsites.net/,Yes,328,41,2020-03-31T14:30:28.379
https://google.com,Yes,511,41,2020-03-31T14:30:30.174
https://paypal.com  ,Yes,2680,41,2020-03-31T14:30:31.032
http://bing.com/  ,Yes,1244,41,2020-03-31T14:30:34.252
http://example.com/  ,Yes,251,41,2020-03-31T14:30:37.572
https://ebay.co.uk/  ,Yes,1219,41,2020-03-31T14:30:38.770
http://google.co.uk/  ,Yes,496,41,2020-03-31T14:30:40.633
http://blockchainresearchgroup.azurewebsites.net/  ,Yes,365,42,2020-03-31T14:30:51.469
http://sla-cloudservice.azurewebsites.net/,Yes,395,42,2020-03-31T14:30:52.402
https://google.com,Yes,620,42,2020-03-31T14:30:55.608
https://paypal.com  ,Yes,2148,42,2020-03-31T14:30:56.477
http://bing.com/  ,Yes,766,42,2020-03-31T14:31:00.682
http://example.com/  ,Yes,241,42,2020-03-31T14:31:03.570
https://ebay.co.uk/  ,Yes,1132,42,2020-03-31T14:31:04.706
http://google.co.uk/  ,Yes,581,42,2020-03-31T14:31:06.463
http://blockchainresearchgroup.azurewebsites.net/  ,Yes,328,43,2020-03-31T14:31:17.397
http://sla-cloudservice.azurewebsites.net/,Yes,495,43,2020-03-31T14:31:18.358
https://google.com,Yes,531,43,2020-03-31T14:31:20.731
https://paypal.com  ,Yes,2103,43,2020-03-31T14:31:21.549
http://bing.com/  ,Yes,741,43,2020-03-31T14:31:24.183
http://example.com/  ,Yes,270,43,2020-03-31T14:31:28.653
https://ebay.co.uk/  ,Yes,1087,43,2020-03-31T14:31:30.012
http://google.co.uk/  ,Yes,723,43,2020-03-31T14:31:32.451
http://blockchainresearchgroup.azurewebsites.net/  ,Yes,363,44,2020-03-31T14:31:43.501
http://sla-cloudservice.azurewebsites.net/,Yes,356,44,2020-03-31T14:31:44.210
https://google.com,Yes,1691,44,2020-03-31T14:31:47.029
https://paypal.com  ,Yes,2296,44,2020-03-31T14:31:49.726
http://bing.com/  ,Yes,1445,44,2020-03-31T14:31:52.595
http://example.com/  ,Yes,269,44,2020-03-31T14:31:59.417
https://ebay.co.uk/  ,Yes,1290,44,2020-03-31T14:32:02.030
http://google.co.uk/  ,Yes,492,44,2020-03-31T14:32:03.959
http://blockchainresearchgroup.azurewebsites.net/  ,Yes,430,45,2020-03-31T14:32:14.739
http://sla-cloudservice.azurewebsites.net/,Yes,441,45,2020-03-31T14:32:15.477
https://google.com,Yes,489,45,2020-03-31T14:32:17.528
https://paypal.com  ,Yes,1893,45,2020-03-31T14:32:18.350
http://bing.com/  ,Yes,992,45,2020-03-31T14:32:21.012
http://example.com/  ,Yes,266,45,2020-03-31T14:32:28.602
https://ebay.co.uk/  ,Yes,1061,45,2020-03-31T14:32:29.765
http://google.co.uk/  ,Yes,519,45,2020-03-31T14:32:31.519
http://blockchainresearchgroup.azurewebsites.net/  ,Yes,352,46,2020-03-31T14:32:42.363
http://sla-cloudservice.azurewebsites.net/,Yes,308,46,2020-03-31T14:32:43.018
https://google.com,Yes,488,46,2020-03-31T14:32:45.448
https://paypal.com  ,Yes,2680,46,2020-03-31T14:32:46.279
http://bing.com/  ,Yes,948,46,2020-03-31T14:32:49.548
http://example.com/  ,Yes,301,46,2020-03-31T14:32:52.829
https://ebay.co.uk/  ,Yes,1152,46,2020-03-31T14:32:53.996
http://google.co.uk/  ,Yes,467,46,2020-03-31T14:32:55.799
http://blockchainresearchgroup.azurewebsites.net/  ,Yes,330,47,2020-03-31T14:33:06.610
http://sla-cloudservice.azurewebsites.net/,Yes,1840,47,2020-03-31T14:33:07.227
https://google.com,Yes,661,47,2020-03-31T14:33:10.622
https://paypal.com  ,Yes,1908,47,2020-03-31T14:33:11.702
http://bing.com/  ,Yes,782,47,2020-03-31T14:33:14.203
http://example.com/  ,Yes,276,47,2020-03-31T14:33:17.413
https://ebay.co.uk/  ,Yes,1190,47,2020-03-31T14:33:21.630
http://google.co.uk/  ,Yes,501,47,2020-03-31T14:33:23.450
http://blockchainresearchgroup.azurewebsites.net/  ,Yes,445,48,2020-03-31T14:33:34.264
http://sla-cloudservice.azurewebsites.net/,Yes,332,48,2020-03-31T14:33:35.131
https://google.com,Yes,933,48,2020-03-31T14:33:37.029
https://paypal.com  ,Yes,1919,48,2020-03-31T14:33:38.594
http://bing.com/  ,Yes,1095,48,2020-03-31T14:33:41.111
http://example.com/  ,Yes,298,48,2020-03-31T14:33:44.341
https://ebay.co.uk/  ,Yes,1134,48,2020-03-31T14:33:45.586
http://google.co.uk/  ,Yes,756,48,2020-03-31T14:33:47.351
http://blockchainresearchgroup.azurewebsites.net/  ,Yes,383,49,2020-03-31T14:33:58.463
http://sla-cloudservice.azurewebsites.net/,Yes,315,49,2020-03-31T14:34:01.567
https://google.com,Yes,584,49,2020-03-31T14:34:03.688
https://paypal.com  ,Yes,2112,49,2020-03-31T14:34:04.633
http://bing.com/  ,Yes,1162,49,2020-03-31T14:34:07.294
http://example.com/  ,Yes,262,49,2020-03-31T14:34:10.350
https://ebay.co.uk/  ,Yes,1067,49,2020-03-31T14:34:11.518
http://google.co.uk/  ,Yes,804,49,2020-03-31T14:34:13.224
http://blockchainresearchgroup.azurewebsites.net/  ,Yes,368,50,2020-03-31T14:34:24.369
http://sla-cloudservice.azurewebsites.net/,Yes,361,50,2020-03-31T14:34:25.038
https://google.com,Yes,526,50,2020-03-31T14:34:26.799
https://paypal.com  ,Yes,2012,50,2020-03-31T14:34:27.559
http://bing.com/  ,Yes,630,50,2020-03-31T14:34:30.160
http://example.com/  ,Yes,270,50,2020-03-31T14:34:32.928
https://ebay.co.uk/  ,Yes,1156,50,2020-03-31T14:34:34.123
http://google.co.uk/  ,Yes,518,50,2020-03-31T14:34:35.916
http://blockchainresearchgroup.azurewebsites.net/  ,Yes,359,51,2020-03-31T14:34:46.790
http://sla-cloudservice.azurewebsites.net/,Yes,321,51,2020-03-31T14:34:47.453
https://google.com,Yes,615,51,2020-03-31T14:34:49.260
https://paypal.com  ,Yes,1841,51,2020-03-31T14:34:50.235
http://bing.com/  ,Yes,1065,51,2020-03-31T14:34:52.608
http://example.com/  ,Yes,286,51,2020-03-31T14:34:58.997
https://ebay.co.uk/  ,Yes,1132,51,2020-03-31T14:35:00.175
http://google.co.uk/  ,Yes,489,51,2020-03-31T14:35:02.009
http://blockchainresearchgroup.azurewebsites.net/  ,Yes,357,52,2020-03-31T14:35:12.789
http://sla-cloudservice.azurewebsites.net/,Yes,317,52,2020-03-31T14:35:13.441
https://google.com,Yes,501,52,2020-03-31T14:35:15.239
https://paypal.com  ,Yes,1964,52,2020-03-31T14:35:16.096
http://bing.com/  ,Yes,655,52,2020-03-31T14:35:18.639
http://example.com/  ,Yes,276,52,2020-03-31T14:35:21.420
https://ebay.co.uk/  ,Yes,1159,52,2020-03-31T14:35:22.611
http://google.co.uk/  ,Yes,481,52,2020-03-31T14:35:24.397
http://blockchainresearchgroup.azurewebsites.net/  ,Yes,1129,53,2020-03-31T14:35:35.777
http://sla-cloudservice.azurewebsites.net/,Yes,321,53,2020-03-31T14:35:37.331
https://google.com,Yes,881,53,2020-03-31T14:35:39.317
https://paypal.com  ,Yes,2383,53,2020-03-31T14:35:40.787
http://bing.com/  ,Yes,702,53,2020-03-31T14:35:43.736
http://example.com/  ,Yes,287,53,2020-03-31T14:35:46.712
https://ebay.co.uk/  ,Yes,1061,53,2020-03-31T14:35:50.920
http://google.co.uk/  ,Yes,473,53,2020-03-31T14:35:52.645
http://blockchainresearchgroup.azurewebsites.net/  ,Yes,334,54,2020-03-31T14:36:03.447
http://sla-cloudservice.azurewebsites.net/,Yes,333,54,2020-03-31T14:36:04.092
https://google.com,Yes,498,54,2020-03-31T14:36:05.948
https://paypal.com  ,Yes,2786,54,2020-03-31T14:36:06.691
http://bing.com/  ,Yes,2194,54,2020-03-31T14:36:10.054
http://example.com/  ,Yes,251,54,2020-03-31T14:36:14.747
https://ebay.co.uk/  ,Yes,1143,54,2020-03-31T14:36:18.867
http://google.co.uk/  ,Yes,484,54,2020-03-31T14:36:20.973
http://blockchainresearchgroup.azurewebsites.net/  ,Yes,344,55,2020-03-31T14:36:31.829
http://sla-cloudservice.azurewebsites.net/,Yes,322,55,2020-03-31T14:36:32.710
https://google.com,Yes,520,55,2020-03-31T14:36:34.855
https://paypal.com  ,Yes,1886,55,2020-03-31T14:36:35.628
http://bing.com/  ,Yes,1142,55,2020-03-31T14:36:38.143
http://example.com/  ,Yes,277,55,2020-03-31T14:36:41.238
https://ebay.co.uk/  ,Yes,1246,55,2020-03-31T14:36:42.434
http://google.co.uk/  ,Yes,578,55,2020-03-31T14:36:44.435
http://blockchainresearchgroup.azurewebsites.net/  ,Yes,596,56,2020-03-31T14:36:55.305
https://google.com,Yes,570,56,2020-03-31T14:37:00.460
https://paypal.com  ,Yes,3275,56,2020-03-31T14:37:01.474
http://bing.com/  ,Yes,845,56,2020-03-31T14:37:05.651
http://example.com/  ,Yes,243,56,2020-03-31T14:37:09.168
https://ebay.co.uk/  ,Yes,1190,56,2020-03-31T14:37:10.336
http://google.co.uk/  ,Yes,500,56,2020-03-31T14:37:12.159
http://blockchainresearchgroup.azurewebsites.net/  ,Yes,1013,57,2020-03-31T14:37:23.404
http://sla-cloudservice.azurewebsites.net/,Yes,471,57,2020-03-31T14:37:24.903
https://google.com,Yes,618,57,2020-03-31T14:37:28.668
https://paypal.com  ,Yes,1743,57,2020-03-31T14:37:29.746
http://bing.com/  ,Yes,1616,57,2020-03-31T14:37:32.075
http://example.com/  ,Yes,310,57,2020-03-31T14:37:36.667
http://google.co.uk/  ,Yes,546,57,2020-03-31T14:37:43.998
http://blockchainresearchgroup.azurewebsites.net/  ,Yes,349,58,2020-03-31T14:37:55.409
http://sla-cloudservice.azurewebsites.net/,Yes,371,58,2020-03-31T14:37:56.081
https://google.com,Yes,530,58,2020-03-31T14:37:59.002
https://paypal.com  ,Yes,1885,58,2020-03-31T14:37:59.798
http://bing.com/  ,Yes,657,58,2020-03-31T14:38:02.403
http://example.com/  ,Yes,293,58,2020-03-31T14:38:05.228
https://ebay.co.uk/  ,Yes,1245,58,2020-03-31T14:38:06.431
http://google.co.uk/  ,Yes,510,58,2020-03-31T14:38:08.338
http://blockchainresearchgroup.azurewebsites.net/  ,Yes,371,59,2020-03-31T14:38:19.297
http://sla-cloudservice.azurewebsites.net/,Yes,326,59,2020-03-31T14:38:19.974
https://google.com,Yes,487,59,2020-03-31T14:38:21.826
https://paypal.com  ,Yes,1725,59,2020-03-31T14:38:22.634
http://bing.com/  ,Yes,1728,59,2020-03-31T14:38:24.882
http://example.com/  ,Yes,264,59,2020-03-31T14:38:28.566
https://ebay.co.uk/  ,Yes,1025,59,2020-03-31T14:38:29.717
http://google.co.uk/  ,Yes,531,59,2020-03-31T14:38:31.748
http://blockchainresearchgroup.azurewebsites.net/  ,Yes,372,60,2020-03-31T14:38:42.573
http://sla-cloudservice.azurewebsites.net/,Yes,329,60,2020-03-31T14:38:43.481
https://google.com,Yes,508,60,2020-03-31T14:38:45.515
https://paypal.com  ,Yes,2416,60,2020-03-31T14:38:46.308
http://bing.com/  ,Yes,828,60,2020-03-31T14:38:49.290
http://example.com/  ,Yes,277,60,2020-03-31T14:38:52.565
https://ebay.co.uk/  ,Yes,1747,60,2020-03-31T14:38:53.726
http://google.co.uk/  ,Yes,713,60,2020-03-31T14:38:56.119
http://blockchainresearchgroup.azurewebsites.net/  ,Yes,847,61,2020-03-31T14:39:07.271
http://sla-cloudservice.azurewebsites.net/,Yes,327,61,2020-03-31T14:39:08.537
https://google.com,Yes,465,61,2020-03-31T14:39:10.494
https://paypal.com  ,Yes,2413,61,2020-03-31T14:39:11.279
http://bing.com/  ,Yes,969,61,2020-03-31T14:39:14.301
http://example.com/  ,Yes,256,61,2020-03-31T14:39:17.749
https://ebay.co.uk/  ,Yes,1236,61,2020-03-31T14:39:18.888
http://google.co.uk/  ,Yes,498,61,2020-03-31T14:39:20.763
http://blockchainresearchgroup.azurewebsites.net/  ,Yes,345,62,2020-03-31T14:39:31.525
http://sla-cloudservice.azurewebsites.net/,Yes,1740,62,2020-03-31T14:39:32.181
https://google.com,Yes,566,62,2020-03-31T14:39:35.556
https://paypal.com  ,Yes,1941,62,2020-03-31T14:39:36.482
http://bing.com/  ,Yes,780,62,2020-03-31T14:39:38.965
http://example.com/  ,Yes,293,62,2020-03-31T14:39:41.942
https://ebay.co.uk/  ,Yes,1281,62,2020-03-31T14:39:46.138
http://google.co.uk/  ,Yes,652,62,2020-03-31T14:39:48.065
http://blockchainresearchgroup.azurewebsites.net/  ,Yes,319,63,2020-03-31T14:39:59.059
http://sla-cloudservice.azurewebsites.net/,Yes,387,63,2020-03-31T14:39:59.671
https://google.com,Yes,502,63,2020-03-31T14:40:01.601
https://paypal.com  ,Yes,2187,63,2020-03-31T14:40:02.314
http://bing.com/  ,Yes,747,63,2020-03-31T14:40:05.041
http://example.com/  ,Yes,314,63,2020-03-31T14:40:07.835
https://ebay.co.uk/  ,Yes,1346,63,2020-03-31T14:40:09.119
http://google.co.uk/  ,Yes,811,63,2020-03-31T14:40:11.107
http://blockchainresearchgroup.azurewebsites.net/  ,Yes,354,64,2020-03-31T14:40:22.251
http://sla-cloudservice.azurewebsites.net/,Yes,327,64,2020-03-31T14:40:22.889
https://google.com,Yes,501,64,2020-03-31T14:40:24.884
https://paypal.com  ,Yes,2028,64,2020-03-31T14:40:25.622
http://bing.com/  ,Yes,620,64,2020-03-31T14:40:28.205
http://example.com/  ,Yes,276,64,2020-03-31T14:40:31.069
https://ebay.co.uk/  ,Yes,1304,64,2020-03-31T14:40:32.257
http://google.co.uk/  ,Yes,491,64,2020-03-31T14:40:34.201
http://blockchainresearchgroup.azurewebsites.net/  ,Yes,340,65,2020-03-31T14:40:44.984
http://sla-cloudservice.azurewebsites.net/,Yes,351,65,2020-03-31T14:40:45.630
https://google.com,Yes,481,65,2020-03-31T14:40:47.411
https://paypal.com  ,Yes,2500,65,2020-03-31T14:40:48.103
http://bing.com/  ,Yes,680,65,2020-03-31T14:40:51.194
http://example.com/  ,Yes,260,65,2020-03-31T14:40:56.875
https://ebay.co.uk/  ,Yes,1270,65,2020-03-31T14:40:58.015
http://google.co.uk/  ,Yes,517,65,2020-03-31T14:40:59.903
http://blockchainresearchgroup.azurewebsites.net/  ,Yes,375,66,2020-03-31T14:41:11.085
http://sla-cloudservice.azurewebsites.net/,Yes,335,66,2020-03-31T14:41:12.030
https://google.com,Yes,468,66,2020-03-31T14:41:14.175
https://paypal.com  ,Yes,2435,66,2020-03-31T14:41:14.991
http://bing.com/  ,Yes,604,66,2020-03-31T14:41:18.173
http://example.com/  ,Yes,301,66,2020-03-31T14:41:21.386
https://ebay.co.uk/  ,Yes,1433,66,2020-03-31T14:41:22.577
http://google.co.uk/  ,Yes,600,66,2020-03-31T14:41:24.648
http://blockchainresearchgroup.azurewebsites.net/  ,Yes,1832,67,2020-03-31T14:41:36.314
http://sla-cloudservice.azurewebsites.net/,Yes,322,67,2020-03-31T14:41:38.460
https://google.com,Yes,490,67,2020-03-31T14:41:40.391
https://paypal.com  ,Yes,2372,67,2020-03-31T14:41:41.100
http://bing.com/  ,Yes,1216,67,2020-03-31T14:41:44.004
http://example.com/  ,Yes,246,67,2020-03-31T14:41:47.640
https://ebay.co.uk/  ,Yes,1279,67,2020-03-31T14:41:48.764
http://google.co.uk/  ,Yes,511,67,2020-03-31T14:41:51.074
http://blockchainresearchgroup.azurewebsites.net/  ,Yes,347,68,2020-03-31T14:42:01.921
http://sla-cloudservice.azurewebsites.net/,Yes,329,68,2020-03-31T14:42:02.578
https://google.com,Yes,493,68,2020-03-31T14:42:04.592
https://paypal.com  ,Yes,3620,68,2020-03-31T14:42:05.453
http://bing.com/  ,Yes,1204,68,2020-03-31T14:42:09.592
http://example.com/  ,Yes,260,68,2020-03-31T14:42:13.102
https://ebay.co.uk/  ,Yes,2881,68,2020-03-31T14:42:14.252
http://google.co.uk/  ,Yes,456,68,2020-03-31T14:42:17.786
http://blockchainresearchgroup.azurewebsites.net/  ,Yes,347,69,2020-03-31T14:42:28.537
http://sla-cloudservice.azurewebsites.net/,Yes,364,69,2020-03-31T14:42:29.193
https://google.com,Yes,732,69,2020-03-31T14:42:31.216
https://paypal.com  ,Yes,2847,69,2020-03-31T14:42:32.242
http://bing.com/  ,Yes,755,69,2020-03-31T14:42:35.758
http://example.com/  ,Yes,890,69,2020-03-31T14:42:38.572
https://ebay.co.uk/  ,Yes,2044,69,2020-03-31T14:42:40.449
http://google.co.uk/  ,Yes,1115,69,2020-03-31T14:42:43.458
http://blockchainresearchgroup.azurewebsites.net/  ,Yes,341,70,2020-03-31T14:42:54.936
http://sla-cloudservice.azurewebsites.net/,Yes,704,70,2020-03-31T14:42:55.608
https://google.com,Yes,606,70,2020-03-31T14:42:58.292
https://paypal.com  ,Yes,3487,70,2020-03-31T14:42:59.892
http://bing.com/  ,Yes,837,70,2020-03-31T14:43:04.138
http://example.com/  ,Yes,489,70,2020-03-31T14:43:08.144
https://ebay.co.uk/  ,Yes,2039,70,2020-03-31T14:43:10.120
http://google.co.uk/  ,Yes,510,70,2020-03-31T14:43:12.822
http://blockchainresearchgroup.azurewebsites.net/  ,Yes,400,71,2020-03-31T14:43:23.657
http://sla-cloudservice.azurewebsites.net/,Yes,317,71,2020-03-31T14:43:24.363
https://google.com,Yes,642,71,2020-03-31T14:43:26.213
https://paypal.com  ,Yes,2065,71,2020-03-31T14:43:27.086
http://bing.com/  ,Yes,751,71,2020-03-31T14:43:29.682
http://example.com/  ,Yes,250,71,2020-03-31T14:43:32.550
https://ebay.co.uk/  ,Yes,1209,71,2020-03-31T14:43:33.914
http://google.co.uk/  ,Yes,562,71,2020-03-31T14:43:35.813
http://blockchainresearchgroup.azurewebsites.net/  ,Yes,3114,72,2020-03-31T14:43:46.695
http://sla-cloudservice.azurewebsites.net/,Yes,482,72,2020-03-31T14:43:51.257
https://google.com,Yes,557,72,2020-03-31T14:43:53.414
https://paypal.com  ,Yes,3031,72,2020-03-31T14:43:54.462
http://bing.com/  ,Yes,636,72,2020-03-31T14:43:58.005
http://example.com/  ,Yes,271,72,2020-03-31T14:44:00.900
https://ebay.co.uk/  ,Yes,1298,72,2020-03-31T14:44:02.764
http://google.co.uk/  ,Yes,474,72,2020-03-31T14:44:04.917
http://blockchainresearchgroup.azurewebsites.net/  ,Yes,344,73,2020-03-31T14:44:15.679
http://sla-cloudservice.azurewebsites.net/,Yes,334,73,2020-03-31T14:44:16.321
https://google.com,Yes,672,73,2020-03-31T14:44:18.954
https://paypal.com  ,Yes,3565,73,2020-03-31T14:44:20.050
http://bing.com/  ,Yes,5364,73,2020-03-31T14:44:24.638
http://example.com/  ,Yes,295,73,2020-03-31T14:44:33.433
https://ebay.co.uk/  ,Yes,1479,73,2020-03-31T14:44:34.714
http://google.co.uk/  ,Yes,1961,73,2020-03-31T14:44:36.867
http://blockchainresearchgroup.azurewebsites.net/  ,Yes,432,74,2020-03-31T14:44:49.337
http://sla-cloudservice.azurewebsites.net/,Yes,1803,74,2020-03-31T14:44:52.610
https://google.com,Yes,535,74,2020-03-31T14:44:57.036
https://paypal.com  ,Yes,4356,74,2020-03-31T14:44:57.910
http://bing.com/  ,Yes,869,74,2020-03-31T14:45:02.834
http://example.com/  ,Yes,1202,74,2020-03-31T14:45:06.257
https://ebay.co.uk/  ,Yes,1272,74,2020-03-31T14:45:09.064
http://google.co.uk/  ,Yes,867,74,2020-03-31T14:45:10.954
http://blockchainresearchgroup.azurewebsites.net/  ,Yes,1523,75,2020-03-31T14:45:22.340
http://sla-cloudservice.azurewebsites.net/,Yes,418,75,2020-03-31T14:45:25.034
https://google.com,Yes,685,75,2020-03-31T14:45:27.351
https://paypal.com  ,Yes,4095,75,2020-03-31T14:45:28.285
http://bing.com/  ,Yes,1066,75,2020-03-31T14:45:33.330
http://example.com/  ,Yes,302,75,2020-03-31T14:45:38.556
https://ebay.co.uk/  ,Yes,1284,75,2020-03-31T14:45:39.775
http://google.co.uk/  ,Yes,440,75,2020-03-31T14:45:41.659
http://blockchainresearchgroup.azurewebsites.net/  ,Yes,441,76,2020-03-31T14:45:52.785
http://sla-cloudservice.azurewebsites.net/,Yes,328,76,2020-03-31T14:45:53.521
https://google.com,Yes,525,76,2020-03-31T14:45:55.325
https://paypal.com  ,Yes,2514,76,2020-03-31T14:45:56.204
http://bing.com/  ,Yes,820,76,2020-03-31T14:45:59.372
http://example.com/  ,Yes,252,76,2020-03-31T14:46:03.447
https://ebay.co.uk/  ,Yes,1874,76,2020-03-31T14:46:04.725
http://google.co.uk/  ,Yes,694,76,2020-03-31T14:46:07.588
http://sla-cloudservice.azurewebsites.net/,Yes,4562,77,2020-03-31T14:46:21.710
https://google.com,Yes,605,77,2020-03-31T14:46:28.364
https://paypal.com  ,Yes,3494,77,2020-03-31T14:46:29.260
http://bing.com/  ,Yes,725,77,2020-03-31T14:46:33.383
http://example.com/  ,Yes,492,77,2020-03-31T14:46:36.172
https://ebay.co.uk/  ,Yes,2230,77,2020-03-31T14:46:40.239
http://google.co.uk/  ,Yes,522,77,2020-03-31T14:46:43.128
http://blockchainresearchgroup.azurewebsites.net/  ,Yes,361,78,2020-03-31T14:46:53.999
http://sla-cloudservice.azurewebsites.net/,Yes,304,78,2020-03-31T14:46:54.885
https://google.com,Yes,697,78,2020-03-31T14:46:56.745
https://paypal.com  ,Yes,2937,78,2020-03-31T14:46:57.846
http://bing.com/  ,Yes,886,78,2020-03-31T14:47:01.374
http://example.com/  ,Yes,2290,78,2020-03-31T14:47:04.978
https://ebay.co.uk/  ,Yes,1282,78,2020-03-31T14:47:11.832
http://google.co.uk/  ,Yes,463,78,2020-03-31T14:47:13.809
http://blockchainresearchgroup.azurewebsites.net/  ,Yes,382,79,2020-03-31T14:47:24.747
http://sla-cloudservice.azurewebsites.net/,Yes,335,79,2020-03-31T14:47:25.474
https://google.com,Yes,798,79,2020-03-31T14:47:28.035
https://paypal.com  ,Yes,2109,79,2020-03-31T14:47:29.164
http://bing.com/  ,Yes,1155,79,2020-03-31T14:47:32.052
http://example.com/  ,Yes,270,79,2020-03-31T14:47:35.645
https://ebay.co.uk/  ,Yes,1172,79,2020-03-31T14:47:37.199
http://google.co.uk/  ,Yes,501,79,2020-03-31T14:47:39.167
http://blockchainresearchgroup.azurewebsites.net/  ,Yes,364,80,2020-03-31T14:47:50.043
http://sla-cloudservice.azurewebsites.net/,Yes,318,80,2020-03-31T14:47:50.702
https://google.com,Yes,501,80,2020-03-31T14:47:52.542
https://paypal.com  ,Yes,2054,80,2020-03-31T14:47:53.365
http://bing.com/  ,Yes,704,80,2020-03-31T14:47:56.009
http://example.com/  ,Yes,283,80,2020-03-31T14:47:58.815
https://ebay.co.uk/  ,Yes,1326,80,2020-03-31T14:48:00.049
http://google.co.uk/  ,Yes,585,80,2020-03-31T14:48:02.043
http://blockchainresearchgroup.azurewebsites.net/  ,Yes,409,81,2020-03-31T14:48:12.935
http://sla-cloudservice.azurewebsites.net/,Yes,337,81,2020-03-31T14:48:13.644
https://google.com,Yes,539,81,2020-03-31T14:48:15.675
https://paypal.com  ,Yes,2992,81,2020-03-31T14:48:16.615
http://bing.com/  ,Yes,1561,81,2020-03-31T14:48:20.270
http://example.com/  ,Yes,275,81,2020-03-31T14:48:24.811
https://ebay.co.uk/  ,Yes,1552,81,2020-03-31T14:48:26.094
http://google.co.uk/  ,Yes,479,81,2020-03-31T14:48:28.756
http://blockchainresearchgroup.azurewebsites.net/  ,Yes,469,82,2020-03-31T14:48:39.553
http://sla-cloudservice.azurewebsites.net/,Yes,351,82,2020-03-31T14:48:40.338
https://google.com,Yes,930,82,2020-03-31T14:48:42.515
https://paypal.com  ,Yes,2289,82,2020-03-31T14:48:43.738
http://bing.com/  ,Yes,690,82,2020-03-31T14:48:46.645
http://example.com/  ,Yes,2963,82,2020-03-31T14:48:49.607
https://ebay.co.uk/  ,Yes,1382,82,2020-03-31T14:48:53.914
http://google.co.uk/  ,Yes,845,82,2020-03-31T14:48:55.988
http://blockchainresearchgroup.azurewebsites.net/  ,Yes,326,83,2020-03-31T14:49:07.191
http://sla-cloudservice.azurewebsites.net/,Yes,349,83,2020-03-31T14:49:08.040
https://google.com,Yes,921,83,2020-03-31T14:49:10.491
https://paypal.com  ,Yes,3204,83,2020-03-31T14:49:11.847
http://bing.com/  ,Yes,1186,83,2020-03-31T14:49:15.770
http://example.com/  ,Yes,662,83,2020-03-31T14:49:20.803
https://ebay.co.uk/  ,Yes,2000,83,2020-03-31T14:49:23.036
http://blockchainresearchgroup.azurewebsites.net/  ,Yes,320,84,2020-03-31T14:49:41.497
http://sla-cloudservice.azurewebsites.net/,Yes,305,84,2020-03-31T14:49:42.113
https://google.com,Yes,499,84,2020-03-31T14:49:45.409
https://paypal.com  ,Yes,2886,84,2020-03-31T14:49:46.222
http://bing.com/  ,Yes,1208,84,2020-03-31T14:49:49.797
http://example.com/  ,Yes,340,84,2020-03-31T14:49:55.721
https://ebay.co.uk/  ,Yes,1334,84,2020-03-31T14:49:57.238
http://google.co.uk/  ,Yes,911,84,2020-03-31T14:49:59.336
http://blockchainresearchgroup.azurewebsites.net/  ,Yes,428,85,2020-03-31T14:50:10.735
http://sla-cloudservice.azurewebsites.net/,Yes,417,85,2020-03-31T14:50:11.938
https://google.com,Yes,1910,85,2020-03-31T14:50:15.716
https://paypal.com  ,Yes,2663,85,2020-03-31T14:50:18.845
http://bing.com/  ,Yes,662,85,2020-03-31T14:50:22.173
http://example.com/  ,Yes,329,85,2020-03-31T14:50:26.135
https://ebay.co.uk/  ,Yes,1583,85,2020-03-31T14:50:27.424
http://google.co.uk/  ,Yes,477,85,2020-03-31T14:50:29.722
http://blockchainresearchgroup.azurewebsites.net/  ,Yes,351,86,2020-03-31T14:50:40.477
http://sla-cloudservice.azurewebsites.net/,Yes,310,86,2020-03-31T14:50:41.252
https://google.com,Yes,572,86,2020-03-31T14:50:43.136
https://paypal.com  ,Yes,3898,86,2020-03-31T14:50:44.057
http://bing.com/  ,Yes,1603,86,2020-03-31T14:50:48.587
http://example.com/  ,Yes,428,86,2020-03-31T14:50:55.303
https://ebay.co.uk/  ,Yes,1268,86,2020-03-31T14:50:56.953
http://google.co.uk/  ,Yes,835,86,2020-03-31T14:50:58.861
http://blockchainresearchgroup.azurewebsites.net/  ,Yes,383,87,2020-03-31T14:51:10.011
http://sla-cloudservice.azurewebsites.net/,Yes,2617,87,2020-03-31T14:51:10.724
https://google.com,Yes,531,87,2020-03-31T14:51:16.011
https://paypal.com  ,Yes,8343,87,2020-03-31T14:51:17.269
http://bing.com/  ,Yes,4512,87,2020-03-31T14:51:26.822
http://example.com/  ,Yes,559,87,2020-03-31T14:51:35.465
https://ebay.co.uk/  ,Yes,2782,87,2020-03-31T14:51:37.350
http://google.co.uk/  ,Yes,750,87,2020-03-31T14:51:44.819
http://blockchainresearchgroup.azurewebsites.net/  ,Yes,1014,88,2020-03-31T14:51:56.483
http://sla-cloudservice.azurewebsites.net/,Yes,463,88,2020-03-31T14:51:59.027
https://google.com,Yes,491,88,2020-03-31T14:52:02.712
https://paypal.com  ,Yes,3588,88,2020-03-31T14:52:03.434
http://bing.com/  ,Yes,701,88,2020-03-31T14:52:07.738
http://example.com/  ,Yes,1776,88,2020-03-31T14:52:10.800
https://ebay.co.uk/  ,Yes,1961,88,2020-03-31T14:52:16.870
http://google.co.uk/  ,Yes,674,88,2020-03-31T14:52:19.515
http://blockchainresearchgroup.azurewebsites.net/  ,Yes,2000,89,2020-03-31T14:52:31.522
http://sla-cloudservice.azurewebsites.net/,Yes,3511,89,2020-03-31T14:52:34.189
https://google.com,Yes,1079,89,2020-03-31T14:53:11.812
https://paypal.com  ,Yes,4157,89,2020-03-31T14:53:15.283
http://bing.com/  ,Yes,727,89,2020-03-31T14:53:20.608
http://example.com/  ,Yes,293,89,2020-03-31T14:53:23.482
https://ebay.co.uk/  ,Yes,2890,89,2020-03-31T14:53:24.796
http://google.co.uk/  ,Yes,1005,89,2020-03-31T14:53:28.550
http://blockchainresearchgroup.azurewebsites.net/  ,Yes,590,90,2020-03-31T14:53:40.963
http://sla-cloudservice.azurewebsites.net/,Yes,754,90,2020-03-31T14:53:45.598
https://google.com,Yes,4879,90,2020-03-31T14:53:57.236
https://paypal.com  ,Yes,4588,90,2020-03-31T14:54:04.256
http://bing.com/  ,Yes,2993,90,2020-03-31T14:54:09.663
http://example.com/  ,Yes,311,90,2020-03-31T14:54:16.130
https://ebay.co.uk/  ,Yes,2068,90,2020-03-31T14:54:17.472
http://google.co.uk/  ,Yes,980,90,2020-03-31T14:54:21.114
http://blockchainresearchgroup.azurewebsites.net/  ,Yes,392,91,2020-03-31T14:54:33.024
http://sla-cloudservice.azurewebsites.net/,Yes,329,91,2020-03-31T14:54:34.165
https://google.com,Yes,2749,91,2020-03-31T14:54:36.820
https://paypal.com  ,Yes,2231,91,2020-03-31T14:54:40.061
http://bing.com/  ,Yes,755,91,2020-03-31T14:54:43.471
http://example.com/  ,Yes,303,91,2020-03-31T14:54:48.650
https://ebay.co.uk/  ,Yes,2902,91,2020-03-31T14:54:50.230
http://google.co.uk/  ,Yes,811,91,2020-03-31T14:54:53.924
http://blockchainresearchgroup.azurewebsites.net/  ,Yes,318,92,2020-03-31T14:55:05.103
http://sla-cloudservice.azurewebsites.net/,Yes,421,92,2020-03-31T14:55:05.728
https://google.com,Yes,1867,92,2020-03-31T14:55:07.867
https://paypal.com  ,Yes,4582,92,2020-03-31T14:55:10.405
http://bing.com/  ,Yes,2433,92,2020-03-31T14:55:15.683
http://example.com/  ,Yes,269,92,2020-03-31T14:55:20.927
https://ebay.co.uk/  ,Yes,1344,92,2020-03-31T14:55:22.191
http://google.co.uk/  ,Yes,510,92,2020-03-31T14:55:24.242
http://blockchainresearchgroup.azurewebsites.net/  ,Yes,1132,93,2020-03-31T14:55:35.071
http://sla-cloudservice.azurewebsites.net/,Yes,326,93,2020-03-31T14:55:36.885
https://google.com,Yes,1121,93,2020-03-31T14:55:39.978
https://paypal.com  ,Yes,4950,93,2020-03-31T14:55:42.821
http://bing.com/  ,Yes,2041,93,2020-03-31T14:55:48.761
http://example.com/  ,Yes,380,93,2020-03-31T14:55:54.337
https://ebay.co.uk/  ,Yes,2539,93,2020-03-31T14:55:56.009
http://google.co.uk/  ,Yes,1304,93,2020-03-31T14:55:59.254
http://blockchainresearchgroup.azurewebsites.net/  ,Yes,546,94,2020-03-31T14:56:11.029
http://sla-cloudservice.azurewebsites.net/,Yes,721,94,2020-03-31T14:56:12.036
https://google.com,Yes,949,94,2020-03-31T14:56:14.960
https://paypal.com  ,Yes,6099,94,2020-03-31T14:56:16.316
http://bing.com/  ,Yes,1019,94,2020-03-31T14:56:24.122
http://example.com/  ,Yes,310,94,2020-03-31T14:56:28.132
https://ebay.co.uk/  ,Yes,1672,94,2020-03-31T14:56:29.472
http://google.co.uk/  ,Yes,512,94,2020-03-31T14:56:32.225
http://blockchainresearchgroup.azurewebsites.net/  ,Yes,366,95,2020-03-31T14:56:43.082
http://sla-cloudservice.azurewebsites.net/,Yes,307,95,2020-03-31T14:56:44.007
https://google.com,Yes,556,95,2020-03-31T14:56:46.148
https://paypal.com  ,Yes,1998,95,2020-03-31T14:56:47.089
http://bing.com/  ,Yes,950,95,2020-03-31T14:56:49.786
http://example.com/  ,Yes,510,95,2020-03-31T14:56:53.036
https://ebay.co.uk/  ,Yes,1321,95,2020-03-31T14:56:57.540
http://google.co.uk/  ,Yes,717,95,2020-03-31T14:56:59.730
http://blockchainresearchgroup.azurewebsites.net/  ,Yes,350,96,2020-03-31T14:57:10.758
http://sla-cloudservice.azurewebsites.net/,Yes,346,96,2020-03-31T14:57:11.415
https://google.com,Yes,615,96,2020-03-31T14:57:13.440
https://paypal.com  ,Yes,2074,96,2020-03-31T14:57:14.386
http://bing.com/  ,Yes,673,96,2020-03-31T14:57:17.151
http://example.com/  ,Yes,275,96,2020-03-31T14:57:20.308
https://ebay.co.uk/  ,Yes,1553,96,2020-03-31T14:57:21.628
http://google.co.uk/  ,Yes,453,96,2020-03-31T14:57:23.901
http://blockchainresearchgroup.azurewebsites.net/  ,Yes,346,97,2020-03-31T14:57:34.985
http://sla-cloudservice.azurewebsites.net/,Yes,325,97,2020-03-31T14:57:35.637
https://google.com,Yes,579,97,2020-03-31T14:57:37.711
https://paypal.com  ,Yes,2565,97,2020-03-31T14:57:38.516
http://bing.com/  ,Yes,692,97,2020-03-31T14:57:42.435
http://example.com/  ,Yes,309,97,2020-03-31T14:57:45.273
https://ebay.co.uk/  ,Yes,1319,97,2020-03-31T14:57:46.626
http://google.co.uk/  ,Yes,493,97,2020-03-31T14:57:48.651
http://blockchainresearchgroup.azurewebsites.net/  ,Yes,370,98,2020-03-31T14:57:59.461
http://sla-cloudservice.azurewebsites.net/,Yes,320,98,2020-03-31T14:58:00.172
https://google.com,Yes,508,98,2020-03-31T14:58:02.094
https://paypal.com  ,Yes,2421,98,2020-03-31T14:58:02.920
http://bing.com/  ,Yes,731,98,2020-03-31T14:58:05.988
http://example.com/  ,Yes,1822,98,2020-03-31T14:58:10.016
https://ebay.co.uk/  ,Yes,2339,98,2020-03-31T14:58:12.886
http://google.co.uk/  ,Yes,442,98,2020-03-31T14:58:15.939
http://blockchainresearchgroup.azurewebsites.net/  ,Yes,359,99,2020-03-31T14:58:26.678
http://sla-cloudservice.azurewebsites.net/,Yes,323,99,2020-03-31T14:58:27.330
https://google.com,Yes,733,99,2020-03-31T14:58:30.886
https://paypal.com  ,Yes,3655,99,2020-03-31T14:58:34.167
http://bing.com/  ,Yes,732,99,2020-03-31T14:58:38.485
http://example.com/  ,Yes,284,99,2020-03-31T14:58:46.768
https://ebay.co.uk/  ,Yes,1425,99,2020-03-31T14:58:49.083
http://google.co.uk/  ,Yes,937,99,2020-03-31T14:58:51.635
http://blockchainresearchgroup.azurewebsites.net/  ,Yes,3608,100,2020-03-31T14:59:02.955
http://sla-cloudservice.azurewebsites.net/,Yes,337,100,2020-03-31T14:59:07.225
https://google.com,Yes,517,100,2020-03-31T14:59:10.966
https://paypal.com  ,Yes,4437,100,2020-03-31T14:59:11.912
http://bing.com/  ,Yes,5678,100,2020-03-31T14:59:17.056
http://example.com/  ,Yes,336,100,2020-03-31T14:59:26.955
https://ebay.co.uk/  ,Yes,2491,100,2020-03-31T14:59:28.397
http://google.co.uk/  ,Yes,459,100,2020-03-31T14:59:31.591
http://blockchainresearchgroup.azurewebsites.net/  ,Yes,2758,101,2020-03-31T14:59:42.679
http://sla-cloudservice.azurewebsites.net/,Yes,359,101,2020-03-31T14:59:46.251
https://google.com,Yes,492,101,2020-03-31T14:59:49.881
https://paypal.com  ,Yes,2787,101,2020-03-31T14:59:50.731
http://bing.com/  ,Yes,919,101,2020-03-31T14:59:54.748
http://example.com/  ,Yes,284,101,2020-03-31T14:59:58.011
https://ebay.co.uk/  ,Yes,1570,101,2020-03-31T14:59:59.481
http://google.co.uk/  ,Yes,504,101,2020-03-31T15:00:01.751
http://blockchainresearchgroup.azurewebsites.net/  ,Yes,348,102,2020-03-31T15:00:12.598
http://sla-cloudservice.azurewebsites.net/,Yes,352,102,2020-03-31T15:00:13.238
https://google.com,Yes,568,102,2020-03-31T15:00:16.266
https://paypal.com  ,Yes,4134,102,2020-03-31T15:00:17.202
http://bing.com/  ,Yes,632,102,2020-03-31T15:00:22.133
http://example.com/  ,Yes,304,102,2020-03-31T15:00:26.908
https://ebay.co.uk/  ,Yes,1304,102,2020-03-31T15:00:31.508
http://google.co.uk/  ,Yes,514,102,2020-03-31T15:00:33.530
http://blockchainresearchgroup.azurewebsites.net/  ,Yes,448,103,2020-03-31T15:00:44.359
http://sla-cloudservice.azurewebsites.net/,Yes,404,103,2020-03-31T15:00:45.374
http://bcrg.azurewebsites.net/  ,Yes,373,1,2020-04-03T13:31:07.861
https://www.yahoo.com  ,Yes,618,1,2020-04-03T13:31:31.957
https://www.ebay.com  ,Yes,394,1,2020-04-03T13:31:54.693
http://bcrg.azurewebsites.net/  ,Yes,1489,1,2020-04-03T13:35:48.479
http://bcrg.azurewebsites.net/  ,Yes,379,1,2020-04-03T13:46:01.789
http://bcrg.azurewebsites.net/  ,Yes,383,1,2020-04-03T14:01:00.014
http://bcrg.azurewebsites.net/  ,Yes,355,1,2020-04-03T14:13:31.531
http://bcrg.azurewebsites.net/  ,Yes,370,1,2020-04-03T14:23:07.126
https://www.yahoo.com  ,Yes,688,1,2020-04-03T14:27:46.495
http://bcrg.azurewebsites.net/  ,Yes,365,1,2020-04-03T14:29:19.182
https://www.yahoo.com  ,Yes,626,1,2020-04-03T14:29:20.854
https://www.ebay.com  ,Yes,340,1,2020-04-03T14:29:22.694
https://www.google.com,Yes,228,1,2020-04-03T14:29:23.490
https://www.example.com  ,Yes,222,1,2020-04-03T14:29:24.259
https://www.paypal.com  ,Yes,1290,1,2020-04-03T14:29:25.233
https://www.bing.com/  ,Yes,322,1,2020-04-03T14:29:27.056
https://www.techcrunch.com/  ,Yes,1323,1,2020-04-03T14:29:28.068
https://www.wordpress.com/  ,Yes,2683,1,2020-04-03T14:29:34.168
https://www.wordpress.org/  ,Yes,2126,1,2020-04-03T14:29:37.872
https://www.neduet.edu.pk/,Yes,53,1,2020-04-03T14:29:41.071
https://www.hec.gov.pk/  ,Yes,961,1,2020-04-03T14:29:41.398
https://www.wikipedia.org/,Yes,358,1,2020-04-03T14:29:42.600
http://bcrg.azurewebsites.net/  ,Yes,532,2,2020-04-03T14:29:53.996
https://www.yahoo.com  ,Yes,602,2,2020-04-03T14:29:55.129
https://www.ebay.com  ,Yes,343,2,2020-04-03T14:29:57.006
https://www.google.com,Yes,210,2,2020-04-03T14:29:58.654
https://www.example.com  ,Yes,232,2,2020-04-03T14:29:59.094
https://www.paypal.com  ,Yes,1793,2,2020-04-03T14:30:00.105
https://www.bing.com/  ,Yes,308,2,2020-04-03T14:30:02.211
https://www.techcrunch.com/  ,Yes,1352,2,2020-04-03T14:30:03.145
https://www.wordpress.com/  ,Yes,1840,2,2020-04-03T14:30:07.880
https://www.wordpress.org/  ,Yes,3955,2,2020-04-03T14:30:10.335
https://www.neduet.edu.pk/,Yes,69,2,2020-04-03T14:30:14.828
https://www.hec.gov.pk/  ,Yes,1939,2,2020-04-03T14:30:15.167
https://www.wikipedia.org/,Yes,548,2,2020-04-03T14:30:17.304
http://bcrg.azurewebsites.net/  ,Yes,378,3,2020-04-03T14:30:28.543
https://www.yahoo.com  ,Yes,624,3,2020-04-03T14:30:29.640
https://www.ebay.com  ,Yes,379,3,2020-04-03T14:30:31.348
https://www.google.com,Yes,237,3,2020-04-03T14:30:32.331
https://www.example.com  ,Yes,248,3,2020-04-03T14:30:32.725
https://www.paypal.com  ,Yes,2161,3,2020-04-03T14:30:33.693
https://www.bing.com/  ,Yes,325,3,2020-04-03T14:30:36.174
https://www.techcrunch.com/  ,Yes,1397,3,2020-04-03T14:30:37.863
https://www.wordpress.com/  ,Yes,2529,3,2020-04-03T14:30:43.074
https://www.wordpress.org/  ,Yes,2642,3,2020-04-03T14:30:46.321
https://www.neduet.edu.pk/,Yes,77,3,2020-04-03T14:30:50.111
https://www.hec.gov.pk/  ,Yes,1922,3,2020-04-03T14:30:50.440
https://www.wikipedia.org/,Yes,321,3,2020-04-03T14:30:52.497
http://bcrg.azurewebsites.net/  ,Yes,358,4,2020-04-03T14:31:03.494
https://www.yahoo.com  ,Yes,630,4,2020-04-03T14:31:04.880
https://www.ebay.com  ,Yes,344,4,2020-04-03T14:31:06.554
https://www.google.com,Yes,221,4,2020-04-03T14:31:07.454
https://www.example.com  ,Yes,244,4,2020-04-03T14:31:07.875
https://www.paypal.com  ,Yes,1258,4,2020-04-03T14:31:08.857
https://www.bing.com/  ,Yes,327,4,2020-04-03T14:31:10.559
https://www.techcrunch.com/  ,Yes,1869,4,2020-04-03T14:31:11.430
https://www.wordpress.com/  ,Yes,2089,4,2020-04-03T14:31:16.508
https://www.wordpress.org/  ,Yes,1401,4,2020-04-03T14:31:19.213
https://www.neduet.edu.pk/,Yes,65,4,2020-04-03T14:31:21.162
https://www.hec.gov.pk/  ,Yes,823,4,2020-04-03T14:31:21.479
https://www.wikipedia.org/,Yes,298,4,2020-04-03T14:31:22.415
http://bcrg.azurewebsites.net/  ,Yes,364,5,2020-04-03T14:31:33.417
https://www.yahoo.com  ,Yes,591,5,2020-04-03T14:31:34.464
https://www.ebay.com  ,Yes,379,5,2020-04-03T14:31:36.024
https://www.google.com,Yes,257,5,2020-04-03T14:31:37.212
https://www.example.com  ,Yes,243,5,2020-04-03T14:31:37.575
https://www.paypal.com  ,Yes,2298,5,2020-04-03T14:31:38.580
https://www.bing.com/  ,Yes,370,5,2020-04-03T14:31:41.140
https://www.techcrunch.com/  ,Yes,1451,5,2020-04-03T14:31:42.184
https://www.wordpress.com/  ,Yes,2009,5,2020-04-03T14:31:46.992
https://www.wordpress.org/  ,Yes,1320,5,2020-04-03T14:31:49.643
https://www.neduet.edu.pk/,Yes,54,5,2020-04-03T14:31:51.724
https://www.hec.gov.pk/  ,Yes,831,5,2020-04-03T14:31:52.073
https://www.wikipedia.org/,Yes,308,5,2020-04-03T14:31:53.365
http://bcrg.azurewebsites.net/  ,Yes,403,6,2020-04-03T14:32:04.694
https://www.yahoo.com  ,Yes,983,6,2020-04-03T14:32:06.171
https://www.ebay.com  ,Yes,376,6,2020-04-03T14:32:08.457
https://www.google.com,Yes,197,6,2020-04-03T14:32:09.414
https://www.example.com  ,Yes,407,6,2020-04-03T14:32:09.742
https://www.paypal.com  ,Yes,1367,6,2020-04-03T14:32:11.723
https://www.bing.com/  ,Yes,426,6,2020-04-03T14:32:14.178
https://www.techcrunch.com/  ,Yes,1279,6,2020-04-03T14:32:15.150
https://www.wordpress.com/  ,Yes,1868,6,2020-04-03T14:32:19.447
https://www.wordpress.org/  ,Yes,1325,6,2020-04-03T14:32:22.011
https://www.neduet.edu.pk/,Yes,49,6,2020-04-03T14:32:23.860
https://www.hec.gov.pk/  ,Yes,867,6,2020-04-03T14:32:24.136
https://www.wikipedia.org/,Yes,314,6,2020-04-03T14:32:25.169
http://bcrg.azurewebsites.net/  ,Yes,377,7,2020-04-03T14:32:36.106
https://www.yahoo.com  ,Yes,547,7,2020-04-03T14:32:37.214
https://www.ebay.com  ,Yes,371,7,2020-04-03T14:32:39.168
https://www.google.com,Yes,206,7,2020-04-03T14:32:40.069
https://www.example.com  ,Yes,232,7,2020-04-03T14:32:40.416
https://www.paypal.com  ,Yes,1515,7,2020-04-03T14:32:41.374
https://www.bing.com/  ,Yes,290,7,2020-04-03T14:32:43.297
https://www.techcrunch.com/  ,Yes,1258,7,2020-04-03T14:32:44.133
https://www.wordpress.com/  ,Yes,1995,7,2020-04-03T14:32:48.413
https://www.wordpress.org/  ,Yes,1458,7,2020-04-03T14:32:51.019
https://www.neduet.edu.pk/,Yes,86,7,2020-04-03T14:32:53.072
https://www.hec.gov.pk/  ,Yes,741,7,2020-04-03T14:32:53.446
https://www.wikipedia.org/,Yes,317,7,2020-04-03T14:32:54.363
http://bcrg.azurewebsites.net/  ,Yes,371,8,2020-04-03T14:33:05.329
https://www.yahoo.com  ,Yes,702,8,2020-04-03T14:33:06.152
https://www.ebay.com  ,Yes,398,8,2020-04-03T14:33:07.823
https://www.google.com,Yes,299,8,2020-04-03T14:33:08.620
https://www.example.com  ,Yes,238,8,2020-04-03T14:33:09.089
https://www.paypal.com  ,Yes,1107,8,2020-04-03T14:33:10.109
https://www.bing.com/  ,Yes,378,8,2020-04-03T14:33:11.708
https://www.techcrunch.com/  ,Yes,1208,8,2020-04-03T14:33:12.662
https://www.wordpress.com/  ,Yes,2552,8,2020-04-03T14:33:17.991
https://www.wordpress.org/  ,Yes,1709,8,2020-04-03T14:33:21.288
https://www.neduet.edu.pk/,Yes,606,8,2020-04-03T14:33:23.709
https://www.hec.gov.pk/  ,Yes,1269,8,2020-04-03T14:33:24.977
https://www.wikipedia.org/,Yes,304,8,2020-04-03T14:33:27.070
http://bcrg.azurewebsites.net/  ,Yes,386,9,2020-04-03T14:33:38.103
https://www.yahoo.com  ,Yes,513,9,2020-04-03T14:33:39.605
https://www.ebay.com  ,Yes,358,9,2020-04-03T14:33:41.173
https://www.google.com,Yes,212,9,2020-04-03T14:33:41.988
https://www.example.com  ,Yes,242,9,2020-04-03T14:33:42.351
https://www.paypal.com  ,Yes,2178,9,2020-04-03T14:33:43.336
https://www.bing.com/  ,Yes,348,9,2020-04-03T14:33:46.059
https://www.techcrunch.com/  ,Yes,1236,9,2020-04-03T14:33:47.070
https://www.wordpress.com/  ,Yes,2099,9,2020-04-03T14:33:51.203
https://www.wordpress.org/  ,Yes,1332,9,2020-04-03T14:33:53.948
https://www.neduet.edu.pk/,Yes,81,9,2020-04-03T14:33:55.813
https://www.hec.gov.pk/  ,Yes,1089,9,2020-04-03T14:33:56.141
https://www.wikipedia.org/,Yes,310,9,2020-04-03T14:33:57.424
http://bcrg.azurewebsites.net/  ,Yes,458,10,2020-04-03T14:34:08.381
https://www.yahoo.com  ,Yes,516,10,2020-04-03T14:34:09.409
https://www.ebay.com  ,Yes,380,10,2020-04-03T14:34:10.855
https://www.google.com,Yes,215,10,2020-04-03T14:34:11.642
https://www.example.com  ,Yes,399,10,2020-04-03T14:34:11.988
https://www.paypal.com  ,Yes,1923,10,2020-04-03T14:34:13.101
https://www.bing.com/  ,Yes,780,10,2020-04-03T14:34:15.293
https://www.techcrunch.com/  ,Yes,1798,10,2020-04-03T14:34:17.239
https://www.wordpress.com/  ,Yes,2113,10,2020-04-03T14:34:23.074
https://www.wordpress.org/  ,Yes,1239,10,2020-04-03T14:34:25.863
https://www.neduet.edu.pk/,Yes,104,10,2020-04-03T14:34:27.879
https://www.hec.gov.pk/  ,Yes,843,10,2020-04-03T14:34:28.271
https://www.wikipedia.org/,Yes,332,10,2020-04-03T14:34:29.282
http://bcrg.azurewebsites.net/  ,Yes,344,11,2020-04-03T14:34:40.309
https://www.yahoo.com  ,Yes,887,11,2020-04-03T14:34:41.838
https://www.ebay.com  ,Yes,418,11,2020-04-03T14:34:43.919
https://www.google.com,Yes,217,11,2020-04-03T14:34:45.277
https://www.example.com  ,Yes,271,11,2020-04-03T14:34:45.648
https://www.paypal.com  ,Yes,1475,11,2020-04-03T14:34:46.628
https://www.bing.com/  ,Yes,296,11,2020-04-03T14:34:48.555
https://www.techcrunch.com/  ,Yes,1369,11,2020-04-03T14:34:49.619
https://www.wordpress.com/  ,Yes,2378,11,2020-04-03T14:34:54.164
https://www.wordpress.org/  ,Yes,1317,11,2020-04-03T14:34:57.308
https://www.neduet.edu.pk/,Yes,81,11,2020-04-03T14:34:59.180
https://www.hec.gov.pk/  ,Yes,1195,11,2020-04-03T14:34:59.512
https://www.wikipedia.org/,Yes,969,11,2020-04-03T14:35:00.840
http://bcrg.azurewebsites.net/  ,Yes,390,12,2020-04-03T14:35:12.459
https://www.yahoo.com  ,Yes,618,12,2020-04-03T14:35:13.418
https://www.ebay.com  ,Yes,543,12,2020-04-03T14:35:15.401
https://www.google.com,Yes,338,12,2020-04-03T14:35:18.328
https://www.example.com  ,Yes,372,12,2020-04-03T14:35:19.441
https://www.paypal.com  ,Yes,2392,12,2020-04-03T14:35:22.355
https://www.bing.com/  ,Yes,334,12,2020-04-03T14:35:25.139
https://www.techcrunch.com/  ,Yes,1337,12,2020-04-03T14:35:26.332
https://www.wordpress.com/  ,Yes,1925,12,2020-04-03T14:35:31.809
https://www.wordpress.org/  ,Yes,1682,12,2020-04-03T14:35:34.594
https://www.neduet.edu.pk/,Yes,82,12,2020-04-03T14:35:38.037
https://www.hec.gov.pk/  ,Yes,962,12,2020-04-03T14:35:38.817
https://www.wikipedia.org/,Yes,302,12,2020-04-03T14:35:39.969
http://bcrg.azurewebsites.net/  ,Yes,388,13,2020-04-03T14:35:50.947
https://www.yahoo.com  ,Yes,569,13,2020-04-03T14:35:52.019
https://www.ebay.com  ,Yes,547,13,2020-04-03T14:35:53.955
https://www.google.com,Yes,211,13,2020-04-03T14:35:55.127
https://www.example.com  ,Yes,258,13,2020-04-03T14:35:55.549
https://www.paypal.com  ,Yes,1437,13,2020-04-03T14:35:56.645
https://www.bing.com/  ,Yes,361,13,2020-04-03T14:35:58.624
https://www.techcrunch.com/  ,Yes,1295,13,2020-04-03T14:35:59.561
https://www.wordpress.com/  ,Yes,1971,13,2020-04-03T14:36:03.735
https://www.wordpress.org/  ,Yes,1274,13,2020-04-03T14:36:06.338
https://www.neduet.edu.pk/,Yes,59,13,2020-04-03T14:36:08.180
https://www.hec.gov.pk/  ,Yes,892,13,2020-04-03T14:36:08.515
https://www.wikipedia.org/,Yes,305,13,2020-04-03T14:36:09.496
http://bcrg.azurewebsites.net/  ,Yes,344,14,2020-04-03T14:36:20.419
https://www.yahoo.com  ,Yes,693,14,2020-04-03T14:36:21.322
https://www.ebay.com  ,Yes,518,14,2020-04-03T14:36:22.981
https://www.google.com,Yes,213,14,2020-04-03T14:36:24.623
https://www.example.com  ,Yes,242,14,2020-04-03T14:36:25.015
https://www.paypal.com  ,Yes,1311,14,2020-04-03T14:36:26.007
https://www.bing.com/  ,Yes,300,14,2020-04-03T14:36:27.807
https://www.techcrunch.com/  ,Yes,1212,14,2020-04-03T14:36:28.841
https://www.wordpress.com/  ,Yes,2048,14,2020-04-03T14:36:33.302
https://www.wordpress.org/  ,Yes,1303,14,2020-04-03T14:36:35.996
https://www.neduet.edu.pk/,Yes,71,14,2020-04-03T14:36:37.814
https://www.hec.gov.pk/  ,Yes,1701,14,2020-04-03T14:36:38.131
https://www.wikipedia.org/,Yes,329,14,2020-04-03T14:36:39.928
http://bcrg.azurewebsites.net/  ,Yes,364,15,2020-04-03T14:36:50.878
https://www.yahoo.com  ,Yes,479,15,2020-04-03T14:36:52.456
https://www.ebay.com  ,Yes,351,15,2020-04-03T14:36:54.209
https://www.google.com,Yes,201,15,2020-04-03T14:36:55.008
https://www.example.com  ,Yes,255,15,2020-04-03T14:36:55.336
https://www.paypal.com  ,Yes,1378,15,2020-04-03T14:36:56.393
https://www.bing.com/  ,Yes,294,15,2020-04-03T14:36:58.024
https://www.techcrunch.com/  ,Yes,1249,15,2020-04-03T14:36:58.953
https://www.wordpress.com/  ,Yes,3958,15,2020-04-03T14:37:03.821
https://www.wordpress.org/  ,Yes,1779,15,2020-04-03T14:37:08.400
https://www.neduet.edu.pk/,Yes,94,15,2020-04-03T14:37:12.023
https://www.hec.gov.pk/  ,Yes,1394,15,2020-04-03T14:37:13.709
https://www.wikipedia.org/,Yes,382,15,2020-04-03T14:37:15.286
http://bcrg.azurewebsites.net/  ,Yes,352,16,2020-04-03T14:37:26.373
https://www.yahoo.com  ,Yes,774,16,2020-04-03T14:37:28.028
https://www.ebay.com  ,Yes,413,16,2020-04-03T14:37:29.865
https://www.google.com,Yes,202,16,2020-04-03T14:37:30.788
https://www.example.com  ,Yes,255,16,2020-04-03T14:37:31.105
https://www.paypal.com  ,Yes,4763,16,2020-04-03T14:37:32.083
https://www.bing.com/  ,Yes,1383,16,2020-04-03T14:37:37.561
https://www.techcrunch.com/  ,Yes,3979,16,2020-04-03T14:37:39.816
https://www.wordpress.com/  ,Yes,2463,16,2020-04-03T14:37:52.948
https://www.wordpress.org/  ,Yes,5877,16,2020-04-03T14:37:57.133
https://www.neduet.edu.pk/,Yes,477,16,2020-04-03T14:38:05.992
