01dde83ef0e265aa11c5d0472ce3b99c943fc8c128af495469decb3d66cb7185,1GxMTAdaNg94QogeHB5P6wXWTReMhpVx3ZtMWE,161r7RpfkYDraapBTibqnHXvBj5FGATuRo1SRY,wikipedia,true,Normal,1,0,130,132,98.48,Exceeds cut-off
5849c4a589b6f658064d386f90a837f5c11a107e3dbd317914e9b6cd74998bb8,1GxMTAdaNg94QogeHB5P6wXWTReMhpVx3ZtMWE,161r7RpfkYDraapBTibqnHXvBj5FGATuRo1SRY,wikipedia,false,Normal,1,0,130,113,86.92,Within cut-off
fb6faadbc727d52426132acdeb291541ffe075b8eabad402c727947e8ec3a6de,1GxMTAdaNg94QogeHB5P6wXWTReMhpVx3ZtMWE,161r7RpfkYDraapBTibqnHXvBj5FGATuRo1SRY,wikipedia,false,Normal,1,0,130,113,86.92,Within cut-off
85635e84dadfc23da53cdde75f40e3c15ff01143854fbc0b78d3d4a19d9d006b,1GxMTAdaNg94QogeHB5P6wXWTReMhpVx3ZtMWE,161r7RpfkYDraapBTibqnHXvBj5FGATuRo1SRY,wikipedia,false,Normal,1,0,130,105,80.77,Within cut-off
b0cc0ab55c5b536afeb539617ecb447b42e154c1150425692491c8c30495b472,1GxMTAdaNg94QogeHB5P6wXWTReMhpVx3ZtMWE,161r7RpfkYDraapBTibqnHXvBj5FGATuRo1SRY,wikipedia,false,Normal,1,0,130,109,83.85,Within cut-off
e016f0baca945ffeb630c0e75eaa70c445c0d907851fe28e53f8acf4dbd3ed53,1GxMTAdaNg94QogeHB5P6wXWTReMhpVx3ZtMWE,161r7RpfkYDraapBTibqnHXvBj5FGATuRo1SRY,wikipedia,false,Normal,1,0,130,105,80.77,Within cut-off
312462be2f6872a26d5d27f31f546102ec68d04289e0e5816ad371500e908448,1GxMTAdaNg94QogeHB5P6wXWTReMhpVx3ZtMWE,161r7RpfkYDraapBTibqnHXvBj5FGATuRo1SRY,wikipedia,false,Normal,1,0,130,109,83.85,Within cut-off
1fc931ea2859b3ee0dbaf2ac13dc0537b95f9dd866dcb510a4fb2c86250b883a,1GxMTAdaNg94QogeHB5P6wXWTReMhpVx3ZtMWE,161r7RpfkYDraapBTibqnHXvBj5FGATuRo1SRY,wikipedia,false,Normal,1,0,130,107,82.31,Within cut-off
45b253561ac0923356782460940aa14c2be4065d8304fc6cae722e0a29d2ff3f,1GxMTAdaNg94QogeHB5P6wXWTReMhpVx3ZtMWE,161r7RpfkYDraapBTibqnHXvBj5FGATuRo1SRY,wikipedia,false,Normal,1,0,130,122,93.85,Within cut-off
f8cd1d4a7dba85041ffc1c485e89ababeccb22a1b610804c9eff2b10551f2348,1GxMTAdaNg94QogeHB5P6wXWTReMhpVx3ZtMWE,161r7RpfkYDraapBTibqnHXvBj5FGATuRo1SRY,wikipedia,false,Normal,1,0,130,116,89.23,Within cut-off
2f0755f7b2d135e585252534e726d2475a3468cd1ba0020ad2d588a28d100394,1GxMTAdaNg94QogeHB5P6wXWTReMhpVx3ZtMWE,161r7RpfkYDraapBTibqnHXvBj5FGATuRo1SRY,wikipedia,false,Normal,1,0,130,121,93.08,Within cut-off
bcde95f5b9cd9348ce4bd6d79ea479b08f9a16d80dfa0eb32782ac9178a1ba4f,1GxMTAdaNg94QogeHB5P6wXWTReMhpVx3ZtMWE,161r7RpfkYDraapBTibqnHXvBj5FGATuRo1SRY,wikipedia,false,Normal,1,0,130,107,82.31,Within cut-off
0cad2fe69fe2f4e329359bc7943da7511401bc8cc1c4f6fa76d9e6d63c3435f1,1GxMTAdaNg94QogeHB5P6wXWTReMhpVx3ZtMWE,161r7RpfkYDraapBTibqnHXvBj5FGATuRo1SRY,wikipedia,false,Normal,1,0,130,112,86.15,Within cut-off
369663b22ace052011ab5f56a68c7485ed116edc14b11204d584cbdab66d2937,1GxMTAdaNg94QogeHB5P6wXWTReMhpVx3ZtMWE,161r7RpfkYDraapBTibqnHXvBj5FGATuRo1SRY,wikipedia,false,Normal,1,0,130,112,86.15,Within cut-off
41294df27738ffeb46f4572e45d94913e65d5016c2ef492a3092bf1c8d335531,1GxMTAdaNg94QogeHB5P6wXWTReMhpVx3ZtMWE,161r7RpfkYDraapBTibqnHXvBj5FGATuRo1SRY,wikipedia,false,Normal,1,0,130,122,93.85,Within cut-off
d02dfe6c016489c1f66c83560f65f52713eecfa1d638e3fb567f7b992948c5d2,1GxMTAdaNg94QogeHB5P6wXWTReMhpVx3ZtMWE,161r7RpfkYDraapBTibqnHXvBj5FGATuRo1SRY,wikipedia,false,Normal,1,0,130,109,83.85,Within cut-off
a083802e78c9e6aa9dded85920b07f4a54e4bce4c09b021a05d39284b13b316a,1GxMTAdaNg94QogeHB5P6wXWTReMhpVx3ZtMWE,161r7RpfkYDraapBTibqnHXvBj5FGATuRo1SRY,wikipedia,false,Normal,1,0,130,127,97.69,Within cut-off
45f9b2441975aca927dce8c97e4b3afa1533ba86a8a18acde41d6929e3ccc81a,1GxMTAdaNg94QogeHB5P6wXWTReMhpVx3ZtMWE,161r7RpfkYDraapBTibqnHXvBj5FGATuRo1SRY,wikipedia,false,Normal,1,0,130,118,90.77,Within cut-off
eac3ffc4fb3b2e9db22eb47aa064d94a4c79ca4430db5d09bbe7e96453f9d6fa,1GxMTAdaNg94QogeHB5P6wXWTReMhpVx3ZtMWE,161r7RpfkYDraapBTibqnHXvBj5FGATuRo1SRY,wikipedia,false,Normal,1,0,130,115,88.46,Within cut-off
573d0ee01f611b0fb1b7487a77982a78781a104853a5c6387951762300299f47,1GxMTAdaNg94QogeHB5P6wXWTReMhpVx3ZtMWE,161r7RpfkYDraapBTibqnHXvBj5FGATuRo1SRY,wikipedia,false,Normal,1,0,130,119,91.54,Within cut-off
24b0f5b93539fd3ae0e41caf72ad8fa28c3fdea88ed509623add6b7a65000282,1GxMTAdaNg94QogeHB5P6wXWTReMhpVx3ZtMWE,161r7RpfkYDraapBTibqnHXvBj5FGATuRo1SRY,wikipedia,false,Normal,1,0,130,119,91.54,Within cut-off
b56df438bb8812cc255985d089ae6b15673356d99b0babefeeb9ae5db026e004,1GxMTAdaNg94QogeHB5P6wXWTReMhpVx3ZtMWE,161r7RpfkYDraapBTibqnHXvBj5FGATuRo1SRY,wikipedia,false,Normal,1,0,130,115,88.46,Within cut-off
3d458bc796bff0074d86f46c6ec751c401fdeb298b47f19e510e95ac374efedc,1GxMTAdaNg94QogeHB5P6wXWTReMhpVx3ZtMWE,161r7RpfkYDraapBTibqnHXvBj5FGATuRo1SRY,wikipedia,false,Normal,1,0,130,116,89.23,Within cut-off
c1e3e710b02c30a4d5ba3ff2040517b9f6823c212fbb38523cc95d638d02f050,1GxMTAdaNg94QogeHB5P6wXWTReMhpVx3ZtMWE,161r7RpfkYDraapBTibqnHXvBj5FGATuRo1SRY,wikipedia,false,Normal,1,0,130,107,82.31,Within cut-off
2c0ade7600747302faea6bbaccf70cebe1635fd2d550b69ea61e57a02afb7a47,1GxMTAdaNg94QogeHB5P6wXWTReMhpVx3ZtMWE,161r7RpfkYDraapBTibqnHXvBj5FGATuRo1SRY,wikipedia,true,Normal,1,0,130,156,83.33,Exceeds cut-off
0219c7fed4d835154e15725f02570674939cf76c6b6f4d45e2cdcb06a8b88d31,1GxMTAdaNg94QogeHB5P6wXWTReMhpVx3ZtMWE,161r7RpfkYDraapBTibqnHXvBj5FGATuRo1SRY,wikipedia,false,Normal,1,0,130,110,84.62,Within cut-off
15e62211c3e51bdf62e185c5620b6ebce6efc4f325f9c824b29cd25be589d2a1,1GxMTAdaNg94QogeHB5P6wXWTReMhpVx3ZtMWE,161r7RpfkYDraapBTibqnHXvBj5FGATuRo1SRY,wikipedia,false,Normal,1,0,130,113,86.92,Within cut-off
e300dd82965e89cb0d51d433980001a67ff54fbf22edcd9800d88afb9bd2e653,1GxMTAdaNg94QogeHB5P6wXWTReMhpVx3ZtMWE,161r7RpfkYDraapBTibqnHXvBj5FGATuRo1SRY,wikipedia,false,Normal,1,0,130,117,90.0,Within cut-off
5e6a574378e88e2596ab635bbeca73215981a87e2f5b5b4b1e748948921671cb,1GxMTAdaNg94QogeHB5P6wXWTReMhpVx3ZtMWE,161r7RpfkYDraapBTibqnHXvBj5FGATuRo1SRY,wikipedia,false,Normal,1,0,130,123,94.62,Within cut-off
5cfe0571f4d0fbc4be52ee2bff8c3615ac55d5408382945af1934f399b9bdae6,1GxMTAdaNg94QogeHB5P6wXWTReMhpVx3ZtMWE,161r7RpfkYDraapBTibqnHXvBj5FGATuRo1SRY,wikipedia,true,Normal,1,0,130,133,97.74,Exceeds cut-off
90ffb9e10aa7430626081e87de28d7c4dfc5ea407c9652bc2dd9f9d4e51a166e,1GxMTAdaNg94QogeHB5P6wXWTReMhpVx3ZtMWE,161r7RpfkYDraapBTibqnHXvBj5FGATuRo1SRY,wikipedia,true,Normal,1,0,130,138,94.2,Exceeds cut-off
ee7abc79221f3661a8d3f1ec10328411bb5518d7443af8db313ca2e7e1615423,1GxMTAdaNg94QogeHB5P6wXWTReMhpVx3ZtMWE,161r7RpfkYDraapBTibqnHXvBj5FGATuRo1SRY,wikipedia,false,Normal,1,0,130,124,95.38,Within cut-off
c58dd88b16defdff754f5cf170a60a703777e97c457fceb40db13305d09ea44f,1GxMTAdaNg94QogeHB5P6wXWTReMhpVx3ZtMWE,161r7RpfkYDraapBTibqnHXvBj5FGATuRo1SRY,wikipedia,false,Normal,1,0,130,117,90.0,Within cut-off
4e151916ed991e098d531491fd4222bf67c5662fd913199399d90a534997b29d,1GxMTAdaNg94QogeHB5P6wXWTReMhpVx3ZtMWE,161r7RpfkYDraapBTibqnHXvBj5FGATuRo1SRY,wikipedia,false,Normal,1,0,130,105,80.77,Within cut-off
ac2ab427d24682694a1e6fc75c44f7466b5ee804279cd84a82ee63bd9ebc9f7e,1GxMTAdaNg94QogeHB5P6wXWTReMhpVx3ZtMWE,161r7RpfkYDraapBTibqnHXvBj5FGATuRo1SRY,wikipedia,false,Normal,1,0,130,108,83.08,Within cut-off
6443bd34899de11610591a88c8a6dea516d39ed67a5b46a8614ec7e21e72c14e,1GxMTAdaNg94QogeHB5P6wXWTReMhpVx3ZtMWE,161r7RpfkYDraapBTibqnHXvBj5FGATuRo1SRY,wikipedia,false,Normal,1,0,130,109,83.85,Within cut-off
21e92e1f6c0c8a376bf9829384afbbab70f86e5e1f7ab667c37d38e57ebc827b,1GxMTAdaNg94QogeHB5P6wXWTReMhpVx3ZtMWE,161r7RpfkYDraapBTibqnHXvBj5FGATuRo1SRY,wikipedia,false,Normal,1,0,130,118,90.77,Within cut-off
bf9d3a95bc419d83937573f6340f6a015b96271eecc0143f3b2d33bca4605c02,1GxMTAdaNg94QogeHB5P6wXWTReMhpVx3ZtMWE,161r7RpfkYDraapBTibqnHXvBj5FGATuRo1SRY,wikipedia,false,Normal,1,0,130,116,89.23,Within cut-off
df4982319af2be4d323e3917f5bfffa5ad787a9909eb81f588f899415e3277a7,1GxMTAdaNg94QogeHB5P6wXWTReMhpVx3ZtMWE,161r7RpfkYDraapBTibqnHXvBj5FGATuRo1SRY,wikipedia,false,Normal,1,0,130,119,91.54,Within cut-off
073410884588f252113a7d298bb9c5a09d6b469c2ee3858d4b7a6ef9b6d6681e,1GxMTAdaNg94QogeHB5P6wXWTReMhpVx3ZtMWE,161r7RpfkYDraapBTibqnHXvBj5FGATuRo1SRY,wikipedia,false,Normal,1,0,130,118,90.77,Within cut-off
b48e49dd701da1261e6dbc93273cc7debf892f21b178a77fb9c1e8475fdfc194,1GxMTAdaNg94QogeHB5P6wXWTReMhpVx3ZtMWE,161r7RpfkYDraapBTibqnHXvBj5FGATuRo1SRY,wikipedia,false,Normal,1,0,130,102,78.46,Within cut-off
0ee456bd4a364ee66d16e4cefe13c5ce9eb3d86ef8518b15dbe7d5092aacc6ba,1GxMTAdaNg94QogeHB5P6wXWTReMhpVx3ZtMWE,161r7RpfkYDraapBTibqnHXvBj5FGATuRo1SRY,wikipedia,true,Normal,1,0,130,135,96.3,Exceeds cut-off
a8bc0c6c8661801030c5ef10ae8774f401505f0030d7e3ba82f8845fd3bfb89d,1GxMTAdaNg94QogeHB5P6wXWTReMhpVx3ZtMWE,161r7RpfkYDraapBTibqnHXvBj5FGATuRo1SRY,wikipedia,false,Normal,1,0,130,117,90.0,Within cut-off
7898aed05de4222c591e9ef2dc58067072723c45feffc0bd8f7c249415848f8d,1GxMTAdaNg94QogeHB5P6wXWTReMhpVx3ZtMWE,161r7RpfkYDraapBTibqnHXvBj5FGATuRo1SRY,wikipedia,false,Normal,1,0,130,123,94.62,Within cut-off
3fca99d26a2f15176e45db6ffba55a59abe4f85b62b5790c10e3162c6883fcb2,1GxMTAdaNg94QogeHB5P6wXWTReMhpVx3ZtMWE,161r7RpfkYDraapBTibqnHXvBj5FGATuRo1SRY,wikipedia,false,Normal,1,0,130,117,90.0,Within cut-off
8c2971a106f432c064aeb2aac95608748c5484e24d2282317b8fe9b15e606a8e,1GxMTAdaNg94QogeHB5P6wXWTReMhpVx3ZtMWE,161r7RpfkYDraapBTibqnHXvBj5FGATuRo1SRY,wikipedia,false,Normal,1,0,130,109,83.85,Within cut-off
891ba36fb21cc2a2094016bc8b22310949cac6860f7aea26ec04c548e09b8417,1GxMTAdaNg94QogeHB5P6wXWTReMhpVx3ZtMWE,161r7RpfkYDraapBTibqnHXvBj5FGATuRo1SRY,wikipedia,false,Normal,1,0,130,110,84.62,Within cut-off
2d7bc417fa3e054e985a255b984c42816c25ae584e9da3fb88f7baa14956d088,1GxMTAdaNg94QogeHB5P6wXWTReMhpVx3ZtMWE,161r7RpfkYDraapBTibqnHXvBj5FGATuRo1SRY,wikipedia,false,Normal,1,0,130,108,83.08,Within cut-off
b5beeb25cf74a2e509e6ad719aaaa21ff66f52816162f009cb8e12aafc1e92bc,1GxMTAdaNg94QogeHB5P6wXWTReMhpVx3ZtMWE,161r7RpfkYDraapBTibqnHXvBj5FGATuRo1SRY,wikipedia,true,Normal,1,0,130,143,90.91,Exceeds cut-off
2fd5c586e5d36c3045f63ebdd28a38472f7c87973089a09c52418a4745153614,1GxMTAdaNg94QogeHB5P6wXWTReMhpVx3ZtMWE,161r7RpfkYDraapBTibqnHXvBj5FGATuRo1SRY,wikipedia,false,Normal,1,0,130,109,83.85,Within cut-off
da62389f1922d36310c043dca790b3a45c2ec37cb74b895ed0d8719a9cd1930f,1GxMTAdaNg94QogeHB5P6wXWTReMhpVx3ZtMWE,161r7RpfkYDraapBTibqnHXvBj5FGATuRo1SRY,wikipedia,false,Normal,1,0,130,108,83.08,Within cut-off
6f39abe306bcb863432ec406934184c4db85deb53ab31d5af7833ef0dc4ea4d1,1GxMTAdaNg94QogeHB5P6wXWTReMhpVx3ZtMWE,161r7RpfkYDraapBTibqnHXvBj5FGATuRo1SRY,wikipedia,false,Normal,1,0,130,119,91.54,Within cut-off
247139745d03077dc2ce783c3c70999599adcdfdc37094af424b4b2060a74def,1GxMTAdaNg94QogeHB5P6wXWTReMhpVx3ZtMWE,161r7RpfkYDraapBTibqnHXvBj5FGATuRo1SRY,wikipedia,false,Normal,1,0,130,120,92.31,Within cut-off
6a890a3e31e272b49fc32365fb60e41942c443a35f5687040cbd9926c938ac52,1GxMTAdaNg94QogeHB5P6wXWTReMhpVx3ZtMWE,161r7RpfkYDraapBTibqnHXvBj5FGATuRo1SRY,wikipedia,false,Normal,1,0,130,112,86.15,Within cut-off
327f2b865e79aaa62e0972c160b8f734a15457aba3dcfb4ed5bd5dd786d1c70c,1GxMTAdaNg94QogeHB5P6wXWTReMhpVx3ZtMWE,161r7RpfkYDraapBTibqnHXvBj5FGATuRo1SRY,wikipedia,false,Normal,1,0,130,108,83.08,Within cut-off
24b181592d06739910479cfad143b606a95b5588a81212894dda50097e8a888d,1GxMTAdaNg94QogeHB5P6wXWTReMhpVx3ZtMWE,161r7RpfkYDraapBTibqnHXvBj5FGATuRo1SRY,wikipedia,false,Normal,1,0,130,109,83.85,Within cut-off
f0e0dadd55c4548843401ba84340f18fa6d3d4f76d415c071888f56c46f9ee7c,1GxMTAdaNg94QogeHB5P6wXWTReMhpVx3ZtMWE,161r7RpfkYDraapBTibqnHXvBj5FGATuRo1SRY,wikipedia,false,Normal,1,0,130,127,97.69,Within cut-off
f1a97e1e22f4f56274fba1807b57a5d0b453abcdfa6989e316f55975f0b0b85a,1GxMTAdaNg94QogeHB5P6wXWTReMhpVx3ZtMWE,161r7RpfkYDraapBTibqnHXvBj5FGATuRo1SRY,wikipedia,true,Normal,1,0,130,131,99.24,Exceeds cut-off
1e21dd4fa3da15ccf5966db3583a6ea79eaff5b4253887894ddf8d71f5b35752,1GxMTAdaNg94QogeHB5P6wXWTReMhpVx3ZtMWE,161r7RpfkYDraapBTibqnHXvBj5FGATuRo1SRY,wikipedia,false,Normal,1,0,130,106,81.54,Within cut-off
088a335735bbe379f340f075600672c4843ac65a0c3cb75819448ca8ab08b0d9,1GxMTAdaNg94QogeHB5P6wXWTReMhpVx3ZtMWE,161r7RpfkYDraapBTibqnHXvBj5FGATuRo1SRY,wikipedia,false,Normal,1,0,130,114,87.69,Within cut-off
1564b34a8d65b53c94a9ddc12fe049f004a4208348d6646d7e5e7c9a6c4fef6b,1GxMTAdaNg94QogeHB5P6wXWTReMhpVx3ZtMWE,161r7RpfkYDraapBTibqnHXvBj5FGATuRo1SRY,wikipedia,false,Normal,1,0,130,107,82.31,Within cut-off
db6ff5a8685a44807348bf5d46ce931f17d17e4ca5b2e531dfd764d1ac72d9cd,1GxMTAdaNg94QogeHB5P6wXWTReMhpVx3ZtMWE,161r7RpfkYDraapBTibqnHXvBj5FGATuRo1SRY,wikipedia,false,Normal,1,0,130,119,91.54,Within cut-off
6e63afce75ea4cda29da43d8af62dc6db25baf56c139cfe88ef22cd9b0e3be09,1GxMTAdaNg94QogeHB5P6wXWTReMhpVx3ZtMWE,161r7RpfkYDraapBTibqnHXvBj5FGATuRo1SRY,wikipedia,true,Normal,1,0,130,132,98.48,Exceeds cut-off
e54bc3f0417ea384f51ffa6f827dd648653f87b750e6f4fc92728b3866a48c92,1GxMTAdaNg94QogeHB5P6wXWTReMhpVx3ZtMWE,161r7RpfkYDraapBTibqnHXvBj5FGATuRo1SRY,wikipedia,false,Normal,1,0,130,130,100.0,Exceeds cut-off
965c99884505efac66ab0c01bcacef54a406166c4385742a2b538f3406fc6fba,1GxMTAdaNg94QogeHB5P6wXWTReMhpVx3ZtMWE,161r7RpfkYDraapBTibqnHXvBj5FGATuRo1SRY,wikipedia,true,Normal,1,0,130,197,65.99,Exceeds cut-off
f669d92d4b583299adcd1c15c2a8ba827c0802f5d1604e293ff3c823b0331443,1GxMTAdaNg94QogeHB5P6wXWTReMhpVx3ZtMWE,161r7RpfkYDraapBTibqnHXvBj5FGATuRo1SRY,wikipedia,false,Normal,1,0,130,114,87.69,Within cut-off
f6918edfe7a674dc9398e4f8f05535fc30c5772f7a3652ffb684f8b2e57fc61a,1GxMTAdaNg94QogeHB5P6wXWTReMhpVx3ZtMWE,161r7RpfkYDraapBTibqnHXvBj5FGATuRo1SRY,wikipedia,false,Normal,1,0,130,111,85.38,Within cut-off
27292b1336332eccf1af52ad1c320b29cf01e4738f28c06b3bf1d61275090916,1GxMTAdaNg94QogeHB5P6wXWTReMhpVx3ZtMWE,161r7RpfkYDraapBTibqnHXvBj5FGATuRo1SRY,wikipedia,true,Normal,1,0,130,148,87.84,Exceeds cut-off
f86cda51085e09e17e72d8b8d8d03cc082d182449c74434e2b5f5caeb828d136,1GxMTAdaNg94QogeHB5P6wXWTReMhpVx3ZtMWE,161r7RpfkYDraapBTibqnHXvBj5FGATuRo1SRY,wikipedia,false,Normal,1,0,130,116,89.23,Within cut-off
6cc0f4b39aba474b012204b17cac109f6a6286b3d880fbce1bd45ca004bababa,1GxMTAdaNg94QogeHB5P6wXWTReMhpVx3ZtMWE,161r7RpfkYDraapBTibqnHXvBj5FGATuRo1SRY,wikipedia,false,Normal,1,0,130,118,90.77,Within cut-off
e798aa0bd4ef966d58829528cd656ba4e509aa5288e08a6de6eefc62db14be26,1GxMTAdaNg94QogeHB5P6wXWTReMhpVx3ZtMWE,161r7RpfkYDraapBTibqnHXvBj5FGATuRo1SRY,wikipedia,false,Normal,1,0,130,112,86.15,Within cut-off
dad55cb151f343ce2627febdc2a31ba62a3dc00a7aaec5fee567a75d9b8d754b,1GxMTAdaNg94QogeHB5P6wXWTReMhpVx3ZtMWE,161r7RpfkYDraapBTibqnHXvBj5FGATuRo1SRY,wikipedia,true,Normal,1,0,130,139,93.53,Exceeds cut-off
216d4960a757e12e6e8c6195a64e13f206f009b92b09388333abb01e717f87f0,1GxMTAdaNg94QogeHB5P6wXWTReMhpVx3ZtMWE,161r7RpfkYDraapBTibqnHXvBj5FGATuRo1SRY,wikipedia,false,Normal,1,0,130,113,86.92,Within cut-off
37278972bfc462c59245c92bf8021511808b33a98d93eb05225f8f28b3d5ab66,1GxMTAdaNg94QogeHB5P6wXWTReMhpVx3ZtMWE,161r7RpfkYDraapBTibqnHXvBj5FGATuRo1SRY,wikipedia,false,Normal,1,0,130,109,83.85,Within cut-off
cfd72bbecbe7f5f25892941c47f42e3cddabea90286a99287036dffaec7776d1,1GxMTAdaNg94QogeHB5P6wXWTReMhpVx3ZtMWE,161r7RpfkYDraapBTibqnHXvBj5FGATuRo1SRY,wikipedia,false,Normal,1,0,130,118,90.77,Within cut-off
7f2efcff3149156500b3795135f0384bb49805c347e3114171d39df0a654426c,1GxMTAdaNg94QogeHB5P6wXWTReMhpVx3ZtMWE,161r7RpfkYDraapBTibqnHXvBj5FGATuRo1SRY,wikipedia,false,Normal,1,0,130,106,81.54,Within cut-off
dde02048f486d896140595fc3a8c599b80fc26aae1cb9eeef7e5ec9951ee1500,1GxMTAdaNg94QogeHB5P6wXWTReMhpVx3ZtMWE,161r7RpfkYDraapBTibqnHXvBj5FGATuRo1SRY,wikipedia,true,Normal,1,0,130,494,26.32,Exceeds cut-off
56bd58f6af041922d9cf61b2866c05fc1bd2941360332c02df654aa76fcbdd9c,1GxMTAdaNg94QogeHB5P6wXWTReMhpVx3ZtMWE,161r7RpfkYDraapBTibqnHXvBj5FGATuRo1SRY,wikipedia,false,Normal,1,0,130,109,83.85,Within cut-off
4e4d6e091affb13e68fc957575f7a00415d417342612a256485a0886f90c0c5e,1GxMTAdaNg94QogeHB5P6wXWTReMhpVx3ZtMWE,161r7RpfkYDraapBTibqnHXvBj5FGATuRo1SRY,wikipedia,false,Normal,1,0,130,112,86.15,Within cut-off
d2a9d6e4321e44c8de43a864c8974c36413b1db52764a498a68bd2b66ee7ab1f,1GxMTAdaNg94QogeHB5P6wXWTReMhpVx3ZtMWE,161r7RpfkYDraapBTibqnHXvBj5FGATuRo1SRY,wikipedia,false,Normal,1,0,130,122,93.85,Within cut-off
5a64e4cb4b53a9b2187005fd6c543a7b4f4d4d92c5f3dd3fe4c705da5ec85932,1GxMTAdaNg94QogeHB5P6wXWTReMhpVx3ZtMWE,161r7RpfkYDraapBTibqnHXvBj5FGATuRo1SRY,wikipedia,false,Normal,1,0,130,118,90.77,Within cut-off
836ff816da9f028e701510645f9c8492d20d204430c4fa0a961e83a6b73a0762,1GxMTAdaNg94QogeHB5P6wXWTReMhpVx3ZtMWE,161r7RpfkYDraapBTibqnHXvBj5FGATuRo1SRY,wikipedia,false,Normal,1,0,130,104,80.0,Within cut-off
36ef0ad12c6c91509838c44073f322fe3c2023e828f8199e824fa66846cb3d83,1GxMTAdaNg94QogeHB5P6wXWTReMhpVx3ZtMWE,161r7RpfkYDraapBTibqnHXvBj5FGATuRo1SRY,wikipedia,false,Normal,1,0,130,129,99.23,Within cut-off
a146974efa55a2db9f7b61e3a2d6da09922299d1174d3c4cece160cb3ff17efc,1GxMTAdaNg94QogeHB5P6wXWTReMhpVx3ZtMWE,161r7RpfkYDraapBTibqnHXvBj5FGATuRo1SRY,wikipedia,true,Normal,1,0,130,145,89.66,Exceeds cut-off
147a076cda3fa71ca4b665b857103217ed7af333e5e59d6fe34f129ed1f2dee8,1GxMTAdaNg94QogeHB5P6wXWTReMhpVx3ZtMWE,161r7RpfkYDraapBTibqnHXvBj5FGATuRo1SRY,wikipedia,false,Normal,1,0,130,111,85.38,Within cut-off
25702864d60d51b7117cb0e9bf1e03e7511d29ec79bf5855e7c04c97cb9881b0,1GxMTAdaNg94QogeHB5P6wXWTReMhpVx3ZtMWE,161r7RpfkYDraapBTibqnHXvBj5FGATuRo1SRY,wikipedia,false,Normal,1,0,130,118,90.77,Within cut-off
61ae968b4d284fcb273d7cb8abaa04af06308c0b67fc22f2ac419c6ddef8a1a7,1GxMTAdaNg94QogeHB5P6wXWTReMhpVx3ZtMWE,161r7RpfkYDraapBTibqnHXvBj5FGATuRo1SRY,wikipedia,false,Normal,1,0,130,114,87.69,Within cut-off
1b13f3f634e84327470350764449ce65c7f80e80cdf6c1d1d7369725d2afb988,1GxMTAdaNg94QogeHB5P6wXWTReMhpVx3ZtMWE,161r7RpfkYDraapBTibqnHXvBj5FGATuRo1SRY,wikipedia,false,Normal,1,0,130,124,95.38,Within cut-off
3f168a5ec5ac1e6f716a9b09e870ed17212544467ff04c473b64b20452e84d84,1GxMTAdaNg94QogeHB5P6wXWTReMhpVx3ZtMWE,161r7RpfkYDraapBTibqnHXvBj5FGATuRo1SRY,wikipedia,false,Normal,1,0,130,117,90.0,Within cut-off
9f278ac84a4b98e549af4d07a0f4a7951946cfcfef1d4c3358d6e4aa7ef1a1db,1GxMTAdaNg94QogeHB5P6wXWTReMhpVx3ZtMWE,161r7RpfkYDraapBTibqnHXvBj5FGATuRo1SRY,wikipedia,false,Normal,1,0,130,106,81.54,Within cut-off
9465a4312511124a32fa18021ae3c0b7df3d5cc6e1087e144da99afd675033e8,1GxMTAdaNg94QogeHB5P6wXWTReMhpVx3ZtMWE,161r7RpfkYDraapBTibqnHXvBj5FGATuRo1SRY,wikipedia,false,Normal,1,0,130,121,93.08,Within cut-off
28a88eae4f49e4ad589e9aa734f38cab17cbf3abf69820440cc88863f84d23a7,1GxMTAdaNg94QogeHB5P6wXWTReMhpVx3ZtMWE,161r7RpfkYDraapBTibqnHXvBj5FGATuRo1SRY,wikipedia,false,Normal,1,0,130,116,89.23,Within cut-off
2d11d25626129969305e343102d6f29b6a2898d54e36c0ee8a95b920baef27ac,1GxMTAdaNg94QogeHB5P6wXWTReMhpVx3ZtMWE,161r7RpfkYDraapBTibqnHXvBj5FGATuRo1SRY,wikipedia,false,Normal,1,0,130,107,82.31,Within cut-off
63c7bba416e34a586206c350a2d5a10148bc961c45a00cf9b33401d79b35d29c,1GxMTAdaNg94QogeHB5P6wXWTReMhpVx3ZtMWE,161r7RpfkYDraapBTibqnHXvBj5FGATuRo1SRY,wikipedia,false,Normal,1,0,130,123,94.62,Within cut-off
c9006a58b0a41b7cdbe5132c55eaae373c5fffd51e20dc5eea2f6a4a7e207d35,1GxMTAdaNg94QogeHB5P6wXWTReMhpVx3ZtMWE,161r7RpfkYDraapBTibqnHXvBj5FGATuRo1SRY,wikipedia,false,Normal,1,0,130,112,86.15,Within cut-off
c847d189d3943834d78113ce5e697b791b0566bc5f95df27a4cb718e875e2f48,1GxMTAdaNg94QogeHB5P6wXWTReMhpVx3ZtMWE,161r7RpfkYDraapBTibqnHXvBj5FGATuRo1SRY,wikipedia,false,Normal,1,0,130,130,100.0,Exceeds cut-off
981af1bfc00a00e8a3c9d07ff315ecd83c48f17c350282845bae64e30725768b,1GxMTAdaNg94QogeHB5P6wXWTReMhpVx3ZtMWE,161r7RpfkYDraapBTibqnHXvBj5FGATuRo1SRY,wikipedia,false,Normal,1,0,130,114,87.69,Within cut-off
6a847861737a303a272d3c21d398032edd7d67343da067c8d28a62d2d1f0f38a,1GxMTAdaNg94QogeHB5P6wXWTReMhpVx3ZtMWE,161r7RpfkYDraapBTibqnHXvBj5FGATuRo1SRY,wikipedia,false,Normal,1,0,130,114,87.69,Within cut-off
f53a7ffb6fca485ff354ad58564d994cfdda5f4314ee0124defd1f3c6043a27b,1GxMTAdaNg94QogeHB5P6wXWTReMhpVx3ZtMWE,161r7RpfkYDraapBTibqnHXvBj5FGATuRo1SRY,wikipedia,false,Normal,1,0,130,122,93.85,Within cut-off
45c94fbf0ae09515644fbdee812e649f43ed459caf424ebed42e8a608043465c,1GxMTAdaNg94QogeHB5P6wXWTReMhpVx3ZtMWE,161r7RpfkYDraapBTibqnHXvBj5FGATuRo1SRY,wikipedia,false,Normal,1,0,130,106,81.54,Within cut-off
65daea7bb5e8889be7f67852df4837397d5f15004403a2b1d6751d095534e38b,1GxMTAdaNg94QogeHB5P6wXWTReMhpVx3ZtMWE,161r7RpfkYDraapBTibqnHXvBj5FGATuRo1SRY,wikipedia,false,Normal,1,0,130,106,81.54,Within cut-off
eb633bc3d1200911db0474b2fde15d7a0f37cce82cc435e240d785934605a1e8,1GxMTAdaNg94QogeHB5P6wXWTReMhpVx3ZtMWE,161r7RpfkYDraapBTibqnHXvBj5FGATuRo1SRY,wikipedia,false,Normal,1,0,130,106,81.54,Within cut-off
8b0f8cfaf8dc16f3bc25c5fb3526e6bfb6cb17af5e1b240b3479cfc72b26b129,1GxMTAdaNg94QogeHB5P6wXWTReMhpVx3ZtMWE,161r7RpfkYDraapBTibqnHXvBj5FGATuRo1SRY,wikipedia,false,Normal,1,0,130,122,93.85,Within cut-off
cb995a63fd1f7bc760b641780a00a13f680fc89f2b42e58a6b90f023e59ab1be,1GxMTAdaNg94QogeHB5P6wXWTReMhpVx3ZtMWE,161r7RpfkYDraapBTibqnHXvBj5FGATuRo1SRY,wikipedia,false,Normal,1,0,130,114,87.69,Within cut-off
2fb2fee123a853416a0127f1b9a6dde51c73776a42f01bf7a5a227d146a69572,1GxMTAdaNg94QogeHB5P6wXWTReMhpVx3ZtMWE,161r7RpfkYDraapBTibqnHXvBj5FGATuRo1SRY,wikipedia,true,Normal,1,0,130,132,98.48,Exceeds cut-off
d7fd8c3aa549510a760c445c13001ce760244891e425a8e57fd4b90dd96b2f13,1GxMTAdaNg94QogeHB5P6wXWTReMhpVx3ZtMWE,161r7RpfkYDraapBTibqnHXvBj5FGATuRo1SRY,wikipedia,false,Normal,1,0,130,106,81.54,Within cut-off
8f8057013f54fc388334e5c1e7b1ed166adf6730764f4b8edb20b3b7fae14ea9,1GxMTAdaNg94QogeHB5P6wXWTReMhpVx3ZtMWE,161r7RpfkYDraapBTibqnHXvBj5FGATuRo1SRY,wikipedia,false,Normal,1,0,130,113,86.92,Within cut-off
498edb207fc6d346781e81ae659f298f2e487f8cd2293becb8a42b36876cc314,1GxMTAdaNg94QogeHB5P6wXWTReMhpVx3ZtMWE,161r7RpfkYDraapBTibqnHXvBj5FGATuRo1SRY,wikipedia,false,Normal,1,0,130,118,90.77,Within cut-off
6e60ca8c0d9e5ede078f5ad9bfc7d725d397e1b8c13cf46a2087304f995e4bf6,1GxMTAdaNg94QogeHB5P6wXWTReMhpVx3ZtMWE,161r7RpfkYDraapBTibqnHXvBj5FGATuRo1SRY,wikipedia,false,Normal,1,0,130,109,83.85,Within cut-off
5d19d1d8ac88cf36198a74597f9f487f447cec44029faeeabf73d416ae12fe59,1GxMTAdaNg94QogeHB5P6wXWTReMhpVx3ZtMWE,161r7RpfkYDraapBTibqnHXvBj5FGATuRo1SRY,wikipedia,false,Normal,1,0,130,119,91.54,Within cut-off
281ffc96473020b7f3598a496269d139cbd2388253d38e39efbdcd8a4b5353f9,1GxMTAdaNg94QogeHB5P6wXWTReMhpVx3ZtMWE,161r7RpfkYDraapBTibqnHXvBj5FGATuRo1SRY,wikipedia,false,Normal,1,0,130,125,96.15,Within cut-off
6272563de0ea291205dd3c62d6f55212656874445ae9ae6e97c53157c245d7ff,1GxMTAdaNg94QogeHB5P6wXWTReMhpVx3ZtMWE,161r7RpfkYDraapBTibqnHXvBj5FGATuRo1SRY,wikipedia,false,Normal,1,0,130,109,83.85,Within cut-off
8eff643257eb8ad17bc7c62423cd12359f9884ea610758a8c5dc0db971ac0bbe,1GxMTAdaNg94QogeHB5P6wXWTReMhpVx3ZtMWE,161r7RpfkYDraapBTibqnHXvBj5FGATuRo1SRY,wikipedia,false,Normal,1,0,130,119,91.54,Within cut-off
bb976221eacfdd4b5931d097afeb1593e77d28ca80aa9261d611cd78f68c8bf7,1GxMTAdaNg94QogeHB5P6wXWTReMhpVx3ZtMWE,161r7RpfkYDraapBTibqnHXvBj5FGATuRo1SRY,wikipedia,false,Normal,1,0,130,108,83.08,Within cut-off
c64648123bf16a16d1165ebb99da57c15026e4d76ac06d842fbf18dd73e282d4,1GxMTAdaNg94QogeHB5P6wXWTReMhpVx3ZtMWE,161r7RpfkYDraapBTibqnHXvBj5FGATuRo1SRY,wikipedia,false,Normal,1,0,130,115,88.46,Within cut-off
a195ce66156b9898e614e0b9293677a078fc3cce640415e361f2a57551f67655,1GxMTAdaNg94QogeHB5P6wXWTReMhpVx3ZtMWE,161r7RpfkYDraapBTibqnHXvBj5FGATuRo1SRY,wikipedia,true,Normal,1,0,130,4869,2.67,Exceeds cut-off
7ab225f9a4d06486920c28d3e17eeb13944df23ec5e906ed9e73a0c0a368e8eb,1GxMTAdaNg94QogeHB5P6wXWTReMhpVx3ZtMWE,161r7RpfkYDraapBTibqnHXvBj5FGATuRo1SRY,wikipedia,false,Normal,1,0,130,113,86.92,Within cut-off
60303c4ab7d2fa4f1ad302a93dad8f212db2c15513b8a976f88a72025892e0a4,1GxMTAdaNg94QogeHB5P6wXWTReMhpVx3ZtMWE,161r7RpfkYDraapBTibqnHXvBj5FGATuRo1SRY,wikipedia,false,Normal,1,0,130,118,90.77,Within cut-off
7980b74d5a95ca7ba74ce158b2a60e7efc97322eee0d508afefde3a7ffc4db4b,1GxMTAdaNg94QogeHB5P6wXWTReMhpVx3ZtMWE,161r7RpfkYDraapBTibqnHXvBj5FGATuRo1SRY,wikipedia,false,Normal,1,0,130,111,85.38,Within cut-off
16e7677eaa0e696baa1bfbc05039576fa9637c4efcd6d31ccb7e9230592a1f8a,1GxMTAdaNg94QogeHB5P6wXWTReMhpVx3ZtMWE,161r7RpfkYDraapBTibqnHXvBj5FGATuRo1SRY,wikipedia,false,Normal,1,0,130,114,87.69,Within cut-off
28dcba7e1f3c364c910fb4db3a56c10c11a7d77687973d027cfa6bf83787e94b,1GxMTAdaNg94QogeHB5P6wXWTReMhpVx3ZtMWE,161r7RpfkYDraapBTibqnHXvBj5FGATuRo1SRY,wikipedia,false,Normal,1,0,130,111,85.38,Within cut-off
f6ee13da2f42a6bff87d9d85a1463fdbc156d5a2a10572f90fe3af091b13edc3,1GxMTAdaNg94QogeHB5P6wXWTReMhpVx3ZtMWE,161r7RpfkYDraapBTibqnHXvBj5FGATuRo1SRY,wikipedia,false,Normal,1,0,130,110,84.62,Within cut-off
9e9c7a2137cfb59f05439c20ede72ec64128f30cc4aac2e39f3be6c563d12f8d,1GxMTAdaNg94QogeHB5P6wXWTReMhpVx3ZtMWE,161r7RpfkYDraapBTibqnHXvBj5FGATuRo1SRY,wikipedia,false,Normal,1,0,130,116,89.23,Within cut-off
e41b91d407ecab1ef24e5243b9fd7c08eee2cbfdb1364d65b23c24b267e51280,1GxMTAdaNg94QogeHB5P6wXWTReMhpVx3ZtMWE,161r7RpfkYDraapBTibqnHXvBj5FGATuRo1SRY,wikipedia,false,Normal,1,0,130,110,84.62,Within cut-off
41381b091cebd5292b1696f544d18ea3e0fd5b92d00621b7af0bdcdb91dd99cc,1GxMTAdaNg94QogeHB5P6wXWTReMhpVx3ZtMWE,161r7RpfkYDraapBTibqnHXvBj5FGATuRo1SRY,wikipedia,false,Normal,1,0,130,107,82.31,Within cut-off
68e63ed642749d0425ff0b07366f9d11fdf2d89d1b16fe1cf7728dadbbcbd9b6,1GxMTAdaNg94QogeHB5P6wXWTReMhpVx3ZtMWE,161r7RpfkYDraapBTibqnHXvBj5FGATuRo1SRY,wikipedia,false,Normal,1,0,130,107,82.31,Within cut-off
c4a40b2497e58afed4dd28f38c768c5bfc239b636c7052c833e678cb7e762369,1GxMTAdaNg94QogeHB5P6wXWTReMhpVx3ZtMWE,161r7RpfkYDraapBTibqnHXvBj5FGATuRo1SRY,wikipedia,false,Normal,1,0,130,109,83.85,Within cut-off
19baa5367aa7bd7e5980be4950e0a33cf464e05872eea92d04cf4604fe30793c,1GxMTAdaNg94QogeHB5P6wXWTReMhpVx3ZtMWE,161r7RpfkYDraapBTibqnHXvBj5FGATuRo1SRY,wikipedia,false,Normal,1,0,130,113,86.92,Within cut-off
c81a6cbb7ec0d2622752b4ad4d66954f3f01047bdf8d25ee891943f36386fb47,1GxMTAdaNg94QogeHB5P6wXWTReMhpVx3ZtMWE,161r7RpfkYDraapBTibqnHXvBj5FGATuRo1SRY,wikipedia,true,Normal,1,0,130,27493,0.47,Exceeds cut-off
215e8865d144946a1486e60f318e9b2ec5ae834bed7ce42dcb08029bc3ad9e3e,1GxMTAdaNg94QogeHB5P6wXWTReMhpVx3ZtMWE,161r7RpfkYDraapBTibqnHXvBj5FGATuRo1SRY,wikipedia,false,Normal,1,0,130,116,89.23,Within cut-off
077793817a4b64748b7c9adb9b7679e858c06cf00a376b8fb3de50e866b67fe4,1GxMTAdaNg94QogeHB5P6wXWTReMhpVx3ZtMWE,161r7RpfkYDraapBTibqnHXvBj5FGATuRo1SRY,wikipedia,false,Normal,1,0,130,123,94.62,Within cut-off
70a87386061eb40b15685dbe90d966723f95f9963e2e1a39c6217f176385e5f8,1GxMTAdaNg94QogeHB5P6wXWTReMhpVx3ZtMWE,161r7RpfkYDraapBTibqnHXvBj5FGATuRo1SRY,wikipedia,false,Normal,1,0,130,119,91.54,Within cut-off
1a7bde457d38b5a9d3173876542c15c675301f3fbee897dab9f4e2c06a361293,1GxMTAdaNg94QogeHB5P6wXWTReMhpVx3ZtMWE,161r7RpfkYDraapBTibqnHXvBj5FGATuRo1SRY,wikipedia,false,Normal,1,0,130,122,93.85,Within cut-off
53044a65760bf34d5b53da9dc2b89da35a0862367803ef0d7251fc055ed4947b,1GxMTAdaNg94QogeHB5P6wXWTReMhpVx3ZtMWE,161r7RpfkYDraapBTibqnHXvBj5FGATuRo1SRY,wikipedia,false,Normal,1,0,130,108,83.08,Within cut-off
f0f4b0ddee363fd52a83b09046d16595ed0f4d6cbdaf58a6c85abaf1d366343a,1GxMTAdaNg94QogeHB5P6wXWTReMhpVx3ZtMWE,161r7RpfkYDraapBTibqnHXvBj5FGATuRo1SRY,wikipedia,false,Normal,1,0,130,116,89.23,Within cut-off
8285d9e4bf3371f49f5302010bffc3b6cade6d1d86860193a515be6ef85c0aac,1GxMTAdaNg94QogeHB5P6wXWTReMhpVx3ZtMWE,161r7RpfkYDraapBTibqnHXvBj5FGATuRo1SRY,wikipedia,false,Normal,1,0,130,107,82.31,Within cut-off
c9a8eb348840c92328e6dd2cf392ff3f6c6ab0cb496719fc1aa9635873cde6c0,1GxMTAdaNg94QogeHB5P6wXWTReMhpVx3ZtMWE,161r7RpfkYDraapBTibqnHXvBj5FGATuRo1SRY,wikipedia,false,Normal,1,0,130,110,84.62,Within cut-off
a80db429cf1c770351a31daafc1b793091462434e5ad3e9a4a82ee9f6136c7a8,1GxMTAdaNg94QogeHB5P6wXWTReMhpVx3ZtMWE,161r7RpfkYDraapBTibqnHXvBj5FGATuRo1SRY,wikipedia,false,Normal,1,0,130,125,96.15,Within cut-off
aed9b46694255b3fa7b3a0d605f72fe718260f23f0604f213c4078c833ad444c,1GxMTAdaNg94QogeHB5P6wXWTReMhpVx3ZtMWE,161r7RpfkYDraapBTibqnHXvBj5FGATuRo1SRY,wikipedia,false,Normal,1,0,130,111,85.38,Within cut-off
f687b288f5a124710594705166e6196f6749cf13422ad80d1f803f66990718f9,1GxMTAdaNg94QogeHB5P6wXWTReMhpVx3ZtMWE,161r7RpfkYDraapBTibqnHXvBj5FGATuRo1SRY,wikipedia,false,Normal,1,0,130,105,80.77,Within cut-off
bb5e33ceb0ea082e52f1bc5a4dc707c03ddd974d12bfa250a371a0c32346a055,1GxMTAdaNg94QogeHB5P6wXWTReMhpVx3ZtMWE,161r7RpfkYDraapBTibqnHXvBj5FGATuRo1SRY,wikipedia,false,Normal,1,0,130,114,87.69,Within cut-off
2ff0803ea737118f3895338ba89011e0022154a3e5c4cc1a5c1b46d9f4237d20,1GxMTAdaNg94QogeHB5P6wXWTReMhpVx3ZtMWE,161r7RpfkYDraapBTibqnHXvBj5FGATuRo1SRY,wikipedia,false,Normal,1,0,130,120,92.31,Within cut-off
a12328bef3f2466d02f0bea21a32254d5f4cee386b3027f69363ec4a79c21507,1GxMTAdaNg94QogeHB5P6wXWTReMhpVx3ZtMWE,161r7RpfkYDraapBTibqnHXvBj5FGATuRo1SRY,wikipedia,false,Normal,1,0,130,114,87.69,Within cut-off
41511380c2a550b8520f9b15b9dcc9ae582875211f6d5cd9c3a0044a07a5d072,1GxMTAdaNg94QogeHB5P6wXWTReMhpVx3ZtMWE,161r7RpfkYDraapBTibqnHXvBj5FGATuRo1SRY,wikipedia,false,Normal,1,0,130,105,80.77,Within cut-off
64bf9f6538381e3f7391407067160042b02c0c08cad04bc3ffa1318f2bd2f9e3,1GxMTAdaNg94QogeHB5P6wXWTReMhpVx3ZtMWE,161r7RpfkYDraapBTibqnHXvBj5FGATuRo1SRY,wikipedia,false,Normal,1,0,130,122,93.85,Within cut-off
2d48fbf1727b87add3b99857946c6dae37a61435f171a968983884de40feef35,1GxMTAdaNg94QogeHB5P6wXWTReMhpVx3ZtMWE,161r7RpfkYDraapBTibqnHXvBj5FGATuRo1SRY,wikipedia,false,Normal,1,0,130,124,95.38,Within cut-off
a7b87d8e82f44d3e665fe53e3e72ed10a29ef42eb590344fd57e8b321366dd51,1GxMTAdaNg94QogeHB5P6wXWTReMhpVx3ZtMWE,161r7RpfkYDraapBTibqnHXvBj5FGATuRo1SRY,wikipedia,false,Normal,1,0,130,112,86.15,Within cut-off
ec6877851926075a1ef2e9e014ee0b3a8eefb1715899b0a1e9636f0021c69167,1GxMTAdaNg94QogeHB5P6wXWTReMhpVx3ZtMWE,161r7RpfkYDraapBTibqnHXvBj5FGATuRo1SRY,wikipedia,true,Normal,1,0,130,289,44.98,Exceeds cut-off
79adb576a08a061950aa1c01a54df515137340d7ebba975cbc79190ec781e012,1GxMTAdaNg94QogeHB5P6wXWTReMhpVx3ZtMWE,161r7RpfkYDraapBTibqnHXvBj5FGATuRo1SRY,wikipedia,false,Normal,1,0,130,115,88.46,Within cut-off
bd441724a357fdb11d87e0d4d0217481b4466a38f3a98a6982d0133eaa5af35a,1GxMTAdaNg94QogeHB5P6wXWTReMhpVx3ZtMWE,161r7RpfkYDraapBTibqnHXvBj5FGATuRo1SRY,wikipedia,false,Normal,1,0,130,127,97.69,Within cut-off
b62b8c402abc8aea14b8c1076e06d27fa05168153ec9085cbf47b13e2b475856,1GxMTAdaNg94QogeHB5P6wXWTReMhpVx3ZtMWE,161r7RpfkYDraapBTibqnHXvBj5FGATuRo1SRY,wikipedia,false,Normal,1,0,130,111,85.38,Within cut-off
1cf045a637c3033c30bd6ac9c84404d14c450f4748bcbb4f669b1248204b31c5,1GxMTAdaNg94QogeHB5P6wXWTReMhpVx3ZtMWE,161r7RpfkYDraapBTibqnHXvBj5FGATuRo1SRY,wikipedia,false,Normal,1,0,130,107,82.31,Within cut-off
6e726112e03f401bd11309792d201e32bdce6df415399620cf22204deb6cc88a,1GxMTAdaNg94QogeHB5P6wXWTReMhpVx3ZtMWE,161r7RpfkYDraapBTibqnHXvBj5FGATuRo1SRY,wikipedia,false,Normal,1,0,130,115,88.46,Within cut-off
73723a2c6c1f6a73cfc3316795d7d252e5aceff53d1ae7bf21961f9b88aaef5a,1GxMTAdaNg94QogeHB5P6wXWTReMhpVx3ZtMWE,161r7RpfkYDraapBTibqnHXvBj5FGATuRo1SRY,wikipedia,false,Normal,1,0,130,119,91.54,Within cut-off
2096889ee3dbe62bc1247c544f91318f999eb56d455169ae3562074ab5da73f7,1GxMTAdaNg94QogeHB5P6wXWTReMhpVx3ZtMWE,161r7RpfkYDraapBTibqnHXvBj5FGATuRo1SRY,wikipedia,false,Normal,1,0,130,127,97.69,Within cut-off
8f28218ee103bb434b31f9948a04b4b13cb535b88f9ad04ebf70f7382b6c1896,1GxMTAdaNg94QogeHB5P6wXWTReMhpVx3ZtMWE,161r7RpfkYDraapBTibqnHXvBj5FGATuRo1SRY,wikipedia,false,Normal,1,0,130,104,80.0,Within cut-off
c55f357aca16e3f680afca384c488a7f9effa6c9a14684d8d11a2be3fc72c58a,1GxMTAdaNg94QogeHB5P6wXWTReMhpVx3ZtMWE,161r7RpfkYDraapBTibqnHXvBj5FGATuRo1SRY,wikipedia,false,Normal,1,0,130,116,89.23,Within cut-off
a4d0204cadca0e8fec26254a6e350bbc47e2d21c384b1e52e9f82645a621924f,1GxMTAdaNg94QogeHB5P6wXWTReMhpVx3ZtMWE,161r7RpfkYDraapBTibqnHXvBj5FGATuRo1SRY,wikipedia,true,Normal,1,0,130,135,96.3,Exceeds cut-off
a979acbb7de3fcfb64d427ff89a9838d37a56bc3dfb6ae3615eb8522910d3abb,1GxMTAdaNg94QogeHB5P6wXWTReMhpVx3ZtMWE,161r7RpfkYDraapBTibqnHXvBj5FGATuRo1SRY,wikipedia,false,Normal,1,0,130,119,91.54,Within cut-off
dbc0846450888f303270f005ff724e8edac28836da2db4754e1a6abd43c6c1d2,1GxMTAdaNg94QogeHB5P6wXWTReMhpVx3ZtMWE,161r7RpfkYDraapBTibqnHXvBj5FGATuRo1SRY,wikipedia,false,Normal,1,0,130,111,85.38,Within cut-off
1fadddfb0965b21f57d94840ee899ac3efd70ec050c0f8d2daa26410031fb3fd,1GxMTAdaNg94QogeHB5P6wXWTReMhpVx3ZtMWE,161r7RpfkYDraapBTibqnHXvBj5FGATuRo1SRY,wikipedia,false,Normal,1,0,130,117,90.0,Within cut-off
682937034fa0b0bd8ad9405d44e0c95083272876bedf0fd9397237534093b87b,1GxMTAdaNg94QogeHB5P6wXWTReMhpVx3ZtMWE,161r7RpfkYDraapBTibqnHXvBj5FGATuRo1SRY,wikipedia,false,Normal,1,0,130,114,87.69,Within cut-off
8b194d3c1048d4138e9fd7544d9116cd2c81dc0ac0f3bc8fe99a07c23e58b6c8,1GxMTAdaNg94QogeHB5P6wXWTReMhpVx3ZtMWE,161r7RpfkYDraapBTibqnHXvBj5FGATuRo1SRY,wikipedia,false,Normal,1,0,130,112,86.15,Within cut-off
8ef5922c182e363eea46d37a382ff25a419738ede7c7384f9925bf7b9aa0fd81,1GxMTAdaNg94QogeHB5P6wXWTReMhpVx3ZtMWE,161r7RpfkYDraapBTibqnHXvBj5FGATuRo1SRY,wikipedia,true,Normal,1,0,130,266,48.87,Exceeds cut-off
7353348f4286c5a85595d137a188cd390a892148d87bd87db109fa9e52a28aa5,1GxMTAdaNg94QogeHB5P6wXWTReMhpVx3ZtMWE,161r7RpfkYDraapBTibqnHXvBj5FGATuRo1SRY,wikipedia,false,Normal,1,0,130,115,88.46,Within cut-off
51e91333340b08a3687677e7123d745a2a1e1ac49eab1c894b7b4dd2134e660b,1GxMTAdaNg94QogeHB5P6wXWTReMhpVx3ZtMWE,161r7RpfkYDraapBTibqnHXvBj5FGATuRo1SRY,wikipedia,true,Normal,1,0,130,167,77.84,Exceeds cut-off
9234530a5405b495babb4d58be7fafb8315864b572f641ac04b88037767b91ea,1GxMTAdaNg94QogeHB5P6wXWTReMhpVx3ZtMWE,161r7RpfkYDraapBTibqnHXvBj5FGATuRo1SRY,wikipedia,false,Normal,1,0,130,114,87.69,Within cut-off
53c53674cdff55fe46f295925248d95b89424f79569847905ecabed3b289745b,1GxMTAdaNg94QogeHB5P6wXWTReMhpVx3ZtMWE,161r7RpfkYDraapBTibqnHXvBj5FGATuRo1SRY,wikipedia,false,Normal,1,0,130,103,79.23,Within cut-off
b0b4ba68600f3e5aaa79a9e596ad5938c884e7818de9427be2bce8cfe96e7480,1GxMTAdaNg94QogeHB5P6wXWTReMhpVx3ZtMWE,161r7RpfkYDraapBTibqnHXvBj5FGATuRo1SRY,wikipedia,false,Normal,1,0,130,113,86.92,Within cut-off
fc68bac635f2551f90a6a2baf33db9f17c3a725912e171d61dce621b6f6f48b8,1GxMTAdaNg94QogeHB5P6wXWTReMhpVx3ZtMWE,161r7RpfkYDraapBTibqnHXvBj5FGATuRo1SRY,wikipedia,false,Normal,1,0,130,125,96.15,Within cut-off
499946cb4260ba5ef8b5aee94e9903ff3aa78ec7bd425bcdd4d9449fb2b2bc7e,1GxMTAdaNg94QogeHB5P6wXWTReMhpVx3ZtMWE,161r7RpfkYDraapBTibqnHXvBj5FGATuRo1SRY,wikipedia,false,Normal,1,0,130,111,85.38,Within cut-off
b26b3051d1e8369aa161dc72ba11c505b8c86781c0e7451c757cb7a130c14670,1GxMTAdaNg94QogeHB5P6wXWTReMhpVx3ZtMWE,161r7RpfkYDraapBTibqnHXvBj5FGATuRo1SRY,wikipedia,false,Normal,1,0,130,110,84.62,Within cut-off
ee57c5292d5cb635b42122e63f5a40214bf71b4a0c06d8e27e260672c6a8b7aa,1GxMTAdaNg94QogeHB5P6wXWTReMhpVx3ZtMWE,161r7RpfkYDraapBTibqnHXvBj5FGATuRo1SRY,wikipedia,false,Normal,1,0,130,107,82.31,Within cut-off
ace55e2cbaab9b963411c9fa4fa9f9a97da9957926fbe665973077dbe99b889f,1GxMTAdaNg94QogeHB5P6wXWTReMhpVx3ZtMWE,161r7RpfkYDraapBTibqnHXvBj5FGATuRo1SRY,wikipedia,false,Normal,1,0,130,112,86.15,Within cut-off
2d09f5d69b96a9d44b96ba49bc9edb86b30659d3dfa28277abf3d9ae152fb816,1GxMTAdaNg94QogeHB5P6wXWTReMhpVx3ZtMWE,161r7RpfkYDraapBTibqnHXvBj5FGATuRo1SRY,wikipedia,false,Normal,1,0,130,112,86.15,Within cut-off
6ec9c0d40f41d2e8eb5a4e3a30e283662c4b1990b0536cf1b03a8640a456ed2d,1GxMTAdaNg94QogeHB5P6wXWTReMhpVx3ZtMWE,161r7RpfkYDraapBTibqnHXvBj5FGATuRo1SRY,wikipedia,false,Normal,1,0,130,107,82.31,Within cut-off
25f139d9b310b14f4ec0033af35da644321aef6608f6f4cd1e5a89a63d39c61b,1GxMTAdaNg94QogeHB5P6wXWTReMhpVx3ZtMWE,161r7RpfkYDraapBTibqnHXvBj5FGATuRo1SRY,wikipedia,false,Normal,1,0,130,116,89.23,Within cut-off
b1ff498542da3e2fb33c24110d8cbc20ff9fe437a051b37d3eeafe4290a11613,1GxMTAdaNg94QogeHB5P6wXWTReMhpVx3ZtMWE,161r7RpfkYDraapBTibqnHXvBj5FGATuRo1SRY,wikipedia,false,Normal,1,0,130,118,90.77,Within cut-off
4fc1839a2cbb8e8cb4595400c94085f528c68c2672d64beb2a8853b443280b5c,1GxMTAdaNg94QogeHB5P6wXWTReMhpVx3ZtMWE,161r7RpfkYDraapBTibqnHXvBj5FGATuRo1SRY,wikipedia,true,Normal,1,0,130,200,65.0,Exceeds cut-off
da6bee77d69e9b3ddfb4735ed8874af90f937c5ca1ab3c8c965e61f659d45ef2,1GxMTAdaNg94QogeHB5P6wXWTReMhpVx3ZtMWE,161r7RpfkYDraapBTibqnHXvBj5FGATuRo1SRY,wikipedia,false,Normal,1,0,130,118,90.77,Within cut-off
46fa7d4554da07087b3ea8f19271077c516525ea5a02786d1534e13c9756858f,1GxMTAdaNg94QogeHB5P6wXWTReMhpVx3ZtMWE,161r7RpfkYDraapBTibqnHXvBj5FGATuRo1SRY,wikipedia,false,Normal,1,0,130,120,92.31,Within cut-off
99aab105543dcf51b60a3dfe12d931b2cc765aba5f62b7aee4d4ab0099480046,1GxMTAdaNg94QogeHB5P6wXWTReMhpVx3ZtMWE,161r7RpfkYDraapBTibqnHXvBj5FGATuRo1SRY,wikipedia,false,Normal,1,0,130,107,82.31,Within cut-off
2d54b7aeee1d49351681b128bbf71a0fc6c548c0806ba6e7779ff8c1927a60f8,1GxMTAdaNg94QogeHB5P6wXWTReMhpVx3ZtMWE,161r7RpfkYDraapBTibqnHXvBj5FGATuRo1SRY,wikipedia,false,Normal,1,0,130,109,83.85,Within cut-off
f2b7bc579478eb7b32938246d0f8473a5d01fabc730e161d9572caa6fb2d61df,1GxMTAdaNg94QogeHB5P6wXWTReMhpVx3ZtMWE,161r7RpfkYDraapBTibqnHXvBj5FGATuRo1SRY,wikipedia,false,Normal,1,0,130,115,88.46,Within cut-off
d50482e8d8a8e028dc589c1821522a407435fa665118f12222b301f2c3b277de,1GxMTAdaNg94QogeHB5P6wXWTReMhpVx3ZtMWE,161r7RpfkYDraapBTibqnHXvBj5FGATuRo1SRY,wikipedia,false,Normal,1,0,130,109,83.85,Within cut-off
e6cc8285ffe46f9219ea7d2677ad37f4978fcdee305853ebe6e864db56e831d3,1GxMTAdaNg94QogeHB5P6wXWTReMhpVx3ZtMWE,161r7RpfkYDraapBTibqnHXvBj5FGATuRo1SRY,wikipedia,false,Normal,1,0,130,109,83.85,Within cut-off
31cd01fcb1f2ca3f707470ff4fdfce61c16b311ce57bd0293766de77d9526db9,1GxMTAdaNg94QogeHB5P6wXWTReMhpVx3ZtMWE,161r7RpfkYDraapBTibqnHXvBj5FGATuRo1SRY,wikipedia,false,Normal,1,0,130,104,80.0,Within cut-off
593fe5d86b1cbaa56bd2f2d8ebf526a697d9fc5e833397be3b942da797acab1e,1GxMTAdaNg94QogeHB5P6wXWTReMhpVx3ZtMWE,161r7RpfkYDraapBTibqnHXvBj5FGATuRo1SRY,wikipedia,false,Normal,1,0,130,107,82.31,Within cut-off
10fae269a9c42cf7322049a235d3a29a5b98b5d6dd5d2e3504ea1b25e0fec4cf,1GxMTAdaNg94QogeHB5P6wXWTReMhpVx3ZtMWE,161r7RpfkYDraapBTibqnHXvBj5FGATuRo1SRY,wikipedia,false,Normal,1,0,130,129,99.23,Within cut-off
1025b02fe27cd492f664ae185ea70e8e6d26541a25146f07b31f6c4b546d607d,1GxMTAdaNg94QogeHB5P6wXWTReMhpVx3ZtMWE,161r7RpfkYDraapBTibqnHXvBj5FGATuRo1SRY,wikipedia,true,Normal,1,0,130,153,84.97,Exceeds cut-off
1ad118afb979fa2d47eadac7dea9075a5fb5de59c675acef8961b76c2e0fe2dd,1GxMTAdaNg94QogeHB5P6wXWTReMhpVx3ZtMWE,161r7RpfkYDraapBTibqnHXvBj5FGATuRo1SRY,wikipedia,false,Normal,1,0,130,113,86.92,Within cut-off
82f766bd3ec448703ed5bfeb038f9b165c29a53efef5da40403fb617d1e76b9a,1GxMTAdaNg94QogeHB5P6wXWTReMhpVx3ZtMWE,161r7RpfkYDraapBTibqnHXvBj5FGATuRo1SRY,wikipedia,false,Normal,1,0,130,114,87.69,Within cut-off
